	id последовательности	Дата забора	Pangolin
0	exmpl28710	2021-06-24	AY.122
1	exmpl195611	2022-10-24	BA.5.2
2	exmpl274084	2023-11-08	FL.5
3	exmpl30678	2021-10-04	AY.122
4	exmpl54917	2021-12-12	AY.122
5	exmpl236367	2023-04-03	XBB.1.5.24
6	exmpl190875	2022-10-09	BA.5.2
7	exmpl40072	2021-11-21	AY.46.6
8	exmpl113734	2022-02-16	BA.2
9	exmpl248967	2021-06-15	AY.122
10	exmpl224137	2023-01-31	BA.2.10.1
11	exmpl40785	2021-08-25	AY.122
12	exmpl245980	2023-03-12	BQ.1.1
13	exmpl250442	2020-08-12	B.1.1
14	exmpl208501	2022-09-01	BA.5.2
15	exmpl266052	2023-09-25	XBB.1.16.11
16	exmpl188945	2022-09-20	BA.5.2.1
17	exmpl245203	2023-02-11	BQ.1.1
18	exmpl202001	2022-09-19	BA.5.2
19	exmpl4992	2021-04-15	B.1.1.7
20	exmpl276764	2023-12-02	GJ.1.2.2
21	exmpl175981	2022-08-30	BA.5.2
22	exmpl60193	2022-01-04	AY.122
23	exmpl177118	2022-09-25	BA.5.2.7
24	exmpl136517	2022-05-18	BA.2
25	exmpl200054	2022-10-10	BA.5.1.19
26	exmpl118398	2022-02-24	BA.1.1
27	exmpl56463	2021-08-02	B.1.617.2
28	exmpl220922	2023-01-30	CL.1
29	exmpl234435	2023-03-22	XBB.1.9.1
30	exmpl221866	2022-10-09	BA.5.1.35
31	exmpl224985	2023-01-19	XBB.1.5
32	exmpl214276	2022-12-14	BA.5.2.6
33	exmpl7694	2020-11-30	B.1.1
34	exmpl184655	2022-09-30	BA.5.2
35	exmpl152800	2022-08-17	BA.5.1
36	exmpl155891	2022-07-19	BA.5.2.21
37	exmpl77221	2022-01-18	BA.1.18
38	exmpl261368	2023-06-10	XBB.1.9.1
39	exmpl59779	2022-01-04	B.1.617.2
40	exmpl217945	2023-01-09	CL.1.2
41	exmpl166637	2022-09-06	BA.5.2
42	exmpl235152	2023-02-03	XBB
43	exmpl103806	2022-02-14	BA.1.1
44	exmpl225135	2023-02-13	XBB.1.9
45	exmpl290696	2023-12-12	GJ.3
46	exmpl158645	2022-08-04	BA.5.1
47	exmpl112457	2022-02-18	BA.1.18
48	exmpl104876	2022-01-17	BA.2
49	exmpl299288	2024-03-07	JN.1
50	exmpl58582	2021-12-27	AY.122
51	exmpl171196	2022-08-24	BA.5.2
52	exmpl206054	2022-10-27	CL.1
53	exmpl34371	2021-10-17	AY.122
54	exmpl188369	2022-08-25	BA.5.2.21
55	exmpl273710	2023-11-13	FL.24
56	exmpl225418	2023-02-14	GP.2
57	exmpl261812	2023-07-07	XBB.1.9.1
58	exmpl28713	2021-05-24	AY.122
59	exmpl258337	2023-06-08	XBB.1.5
60	exmpl241612	2023-03-07	XBB.1.9.1
61	exmpl194287	2022-09-27	BA.5.2.26
62	exmpl141197	2022-07-11	BA.2
63	exmpl80213	2022-01-21	B.1.1.529
64	exmpl259534	2023-03-13	XBB.2.9
65	exmpl278270	2023-11-01	XBB.1.16.17
66	exmpl265019	2023-05-05	XBB.1.9.1
67	exmpl41080	2021-08-21	AY.122
68	exmpl41000	2021-11-22	AY.122
69	exmpl260125	2023-09-04	EG.5.1.1
70	exmpl218877	2023-01-12	CL.1
71	exmpl263422	2023-04-09	XBB.1.28.1
72	exmpl20113	2021-08-02	AY.122
73	exmpl176728	2022-08-17	BA.5.2.1
74	exmpl16946	2021-06-08	B.1.1.523
75	exmpl195745	2022-10-31	BA.5.1
76	exmpl129590	2022-04-11	BA.1.17.2
77	exmpl222010	2022-10-20	BF.7
78	exmpl238091	2023-04-06	XBB.2.9
79	exmpl245244	2023-04-05	XBB.1.5.24
80	exmpl277185	2023-11-29	HF.1
81	exmpl181952	2022-09-04	BF.5
82	exmpl58936	2021-12-28	AY.122
83	exmpl257541	2023-07-08	XBB.2.3.12
84	exmpl57777	2021-11-04	AY.122
85	exmpl144997	2022-07-28	BA.5.2
86	exmpl267883	2023-10-10	FL.24
87	exmpl197013	2022-08-16	BA.5.2
88	exmpl262418	2023-03-08	XBB.1.9.1
89	exmpl173584	2022-08-24	BA.5.2
90	exmpl244851	2022-12-30	XBB.1.17.2
91	exmpl281624	2023-12-06	XBB.2.3.11
92	exmpl256211	2023-06-07	FL.14
93	exmpl260132	2023-09-01	EG.5.1.3
94	exmpl40741	2021-11-06	AY.122
95	exmpl57068	2021-08-30	AY.122
96	exmpl215457	2022-09-13	BA.5.2
97	exmpl6048	2021-03-11	B.1.1.317
98	exmpl256306	2023-04-12	XBB.1
99	exmpl209814	2022-12-06	BA.5.2
100	exmpl232114	2023-03-13	XBB.1.9.5
101	exmpl37280	2021-10-26	AY.122
102	exmpl226310	2023-02-15	CL.1.2
103	exmpl113979	2022-02-22	BA.1.1
104	exmpl6663	2020-12-14	B.1.1.317
105	exmpl29323	2021-09-06	AY.122
106	exmpl184226	2022-09-02	BA.5.2.21
107	exmpl56914	2021-08-23	AY.122
108	exmpl97141	2022-01-30	BA.1.17.2
109	exmpl34890	2021-10-27	AY.122
110	exmpl184591	2022-10-09	BA.5.2.8
111	exmpl87574	2022-01-27	BA.1.1
112	exmpl23698	2021-08-24	AY.122
113	exmpl32930	2021-10-07	B.1.617.2
114	exmpl142029	2022-02-05	BA.2
115	exmpl113942	2022-02-20	BA.1.1
116	exmpl54294	2021-12-09	AY.122
117	exmpl59526	2022-01-03	AY.122
118	exmpl41107	2021-08-17	AY.122
119	exmpl102838	2022-02-10	BA.1.1
120	exmpl131671	2022-04-12	BA.2
121	exmpl2260	2021-02-18	B.1.1.7
122	exmpl231834	2023-03-08	XBB.1.5.24
123	exmpl28705	2021-06-24	AY.122
124	exmpl180782	2022-08-22	XAZ
125	exmpl267745	2023-10-05	XBB.1.16
126	exmpl14025	2021-06-09	AY.122
127	exmpl258378	2023-08-02	XBB.1.16.11
128	exmpl226635	2023-02-18	XBB.1
129	exmpl291042	2024-01-11	JN.1
130	exmpl84011	2022-01-18	AY.122
131	exmpl144579	2022-07-20	BA.2
132	exmpl51904	2021-10-20	AY.122
133	exmpl153761	2022-08-14	BA.5.2
134	exmpl145990	2022-07-26	BA.5.1
135	exmpl124840	2022-03-21	BA.1.1
136	exmpl109814	2021-12-24	AY.122
137	exmpl256234	2023-06-15	FL.14
138	exmpl15915	2021-07-01	AY.122
139	exmpl200898	2022-11-14	BA.5.2
140	exmpl261533	2023-06-18	XBB.1.16
141	exmpl80869	2022-01-24	BA.1.1
142	exmpl133072	2022-03-17	BA.2
143	exmpl59468	2021-12-18	B.1.617.2
144	exmpl162553	2022-08-09	BA.5.2
145	exmpl167734	2022-09-13	BA.5.2
146	exmpl212737	2022-11-22	CK.1
147	exmpl151979	2022-08-10	BF.5
148	exmpl225654	2023-02-10	XBB.1.9.3
149	exmpl174028	2022-08-12	BA.5.2.1
150	exmpl67181	2022-01-11	AY.122
151	exmpl204380	2022-11-19	BA.5.2.61
152	exmpl124021	2022-03-12	BA.2
153	exmpl200680	2022-10-07	BA.5.2
154	exmpl294908	2023-11-30	XBB.1.16.28
155	exmpl249978	2021-09-17	AY.122
156	exmpl248992	2021-10-29	AY.122
157	exmpl177131	2022-09-25	BA.5.2
158	exmpl64763	2022-01-09	BA.1.15
159	exmpl192235	2022-09-29	BA.5.2
160	exmpl249506	2021-10-27	AY.122
161	exmpl263226	2023-04-02	XBB.1.9.1
162	exmpl238507	2023-02-20	XBB.1.9.1
163	exmpl228112	2023-02-11	CL.1
164	exmpl221008	2023-01-23	XBB.2
165	exmpl235000	2023-01-31	XBB.1.5.24
166	exmpl69715	2022-01-14	BA.1.1
167	exmpl77483	2022-01-18	BA.1
168	exmpl54555	2021-12-10	AY.122
169	exmpl244455	2023-05-12	XBB.1.22.1
170	exmpl136321	2022-06-06	BA.2
171	exmpl35676	2021-08-25	AY.122
172	exmpl117784	2022-02-28	BA.2
173	exmpl200475	2022-11-11	BA.5.2
174	exmpl145860	2022-07-25	BA.5.2
175	exmpl199782	2022-10-11	BA.5.2.7
176	exmpl202776	2022-10-20	BA.5.2.28
177	exmpl151226	2022-08-04	BA.5.2.27
178	exmpl135738	2022-05-25	BA.2
179	exmpl211981	2022-12-07	BA.5.2
180	exmpl270167	2023-09-11	FL.24
181	exmpl49776	2021-09-17	AY.122
182	exmpl136355	2022-05-31	BA.2
183	exmpl152816	2022-08-17	BA.5.2
184	exmpl262949	2023-03-19	XBB.1.9.1
185	exmpl56034	2021-12-21	AY.122
186	exmpl110560	2022-01-25	BA.1.1
187	exmpl245257	2023-03-30	XBB.2.9
188	exmpl291732	2023-09-27	FL.35
189	exmpl252849	2021-02-19	BA.1.17.2
190	exmpl117930	2022-02-27	BA.1.1
191	exmpl126205	2022-02-14	BA.2.10
192	exmpl218595	2023-01-16	XBB.1
193	exmpl275952	2023-11-24	GS.4.1
194	exmpl128517	2022-04-02	BA.2
195	exmpl224037	2023-02-03	B.1.1.529
196	exmpl133576	2021-12-29	AY.122
197	exmpl77077	2022-01-21	BA.1.1
198	exmpl254311	2023-06-04	XBB.1.9.1
199	exmpl78844	2022-01-20	BA.1.15
200	exmpl85900	2022-01-29	BA.1.1
201	exmpl179842	2022-08-30	BA.5.2.3
202	exmpl54425	2021-12-10	AY.122
203	exmpl246690	2023-03-27	CH.1.1.11
204	exmpl173364	2022-08-06	BA.5.2
205	exmpl165904	2022-08-26	BA.5.2
206	exmpl271121	2023-10-30	XBB.1.16
207	exmpl7390	2020-11-06	B.1.1.317
208	exmpl260649	2023-03-28	FL.4
209	exmpl297853	2023-12-09	XBB.1.16.11
210	exmpl209668	2022-11-30	AY.122
211	exmpl1732	2020-12-28	B.1.1.317
212	exmpl24135	2021-08-31	AY.122
213	exmpl70194	2022-01-17	BA.1.18
214	exmpl47191	2020-08-26	B.1.1.373
215	exmpl86434	2022-01-18	AY.122
216	exmpl133469	2022-05-08	BA.2
217	exmpl214630	2022-12-20	CL.1
218	exmpl251182	2021-08-17	AY.4
219	exmpl104297	2022-02-13	BA.2
220	exmpl194423	2022-09-23	BF.7
221	exmpl267835	2023-09-29	XBB.1.16.11
222	exmpl188365	2022-08-24	BA.5.2.1
223	exmpl173719	2022-09-19	BA.5.2.6
224	exmpl168884	2022-08-04	BA.5.2
225	exmpl195719	2022-09-26	BA.5.2
226	exmpl141414	2022-06-29	BA.2
227	exmpl52033	2021-10-26	AY.122
228	exmpl167379	2022-07-22	BA.5.2
229	exmpl261567	2023-06-14	FL.24
230	exmpl70606	2022-01-16	BA.1.17.2
231	exmpl36414	2021-08-14	B.1.617.2
232	exmpl26654	2021-09-13	AY.122
233	exmpl299023	2024-02-18	EG.5.1.1
234	exmpl277395	2023-12-04	XBB.1.16.11
235	exmpl167371	2022-08-03	BA.5.2.6
236	exmpl143564	2022-07-18	BA.5.2
237	exmpl114134	2022-02-22	BA.1.1
238	exmpl259233	2023-08-28	EU.1.1
239	exmpl255414	2023-04-27	XBB.1.9.1
240	exmpl127814	2022-04-03	BA.2
241	exmpl191823	2022-10-18	BA.5.2
242	exmpl250929	2021-04-16	B.1.1.317
243	exmpl53397	2021-12-05	AY.122
244	exmpl269281	2023-10-27	FL.1.5.1
245	exmpl272880	2023-10-17	XBB.1.16.17
246	exmpl233372	2023-03-16	XBB
247	exmpl213626	2022-09-21	BA.5.2
248	exmpl258527	2023-07-17	XBB.1.9.1
249	exmpl273469	2023-11-05	XBB.1.16.17
250	exmpl211006	2022-11-07	BA.5.2
251	exmpl217553	2022-12-08	BA.5.2
252	exmpl279518	2023-11-25	XBB.1.16.11
253	exmpl277261	2023-11-29	HK.3.1
254	exmpl266362	2023-09-25	XBB.1.9.1
255	exmpl244064	2023-05-10	XBB.1
256	exmpl71901	2022-01-15	BA.1.1
257	exmpl258396	2023-08-05	EG.6.1
258	exmpl204338	2022-10-11	BA.5.2
259	exmpl106768	2022-02-15	BA.1.1
260	exmpl125076	2022-03-18	BA.2
261	exmpl217359	2021-11-16	AY.122
262	exmpl89475	2022-01-29	BA.1
263	exmpl206370	2022-09-19	BA.5.2.27
264	exmpl44918	2021-12-05	B.1.617.2
265	exmpl221269	2023-01-29	XBB.1.14.1
266	exmpl34473	2021-10-26	AY.122
267	exmpl182184	2022-09-07	BF.5
268	exmpl5825	2021-01-16	B.1.1
269	exmpl230547	2022-12-28	XBB.1
270	exmpl250217	2021-10-25	AY.122
271	exmpl236673	2023-04-02	FL.4
272	exmpl113140	2022-02-21	BA.2
273	exmpl19571	2021-07-06	AY.122
274	exmpl118192	2022-02-19	BA.1.1
275	exmpl230988	2023-03-06	XBB.1.9
276	exmpl258407	2023-08-03	XBB.1.16.11
277	exmpl20433	2021-08-02	AY.122
278	exmpl11184	2021-04-09	AT.1
279	exmpl295818	2023-12-17	XBB.1.42
280	exmpl222067	2022-10-25	BA.5.2
281	exmpl169529	2022-09-19	BA.5.2
282	exmpl11815	2020-05-22	B.1.1
283	exmpl115549	2022-02-11	BA.2
284	exmpl156478	2022-08-21	BE.1.1
285	exmpl163385	2022-09-04	BA.5.2
286	exmpl5019	2021-04-20	B.1.1.523
287	exmpl211088	2022-11-03	BA.5.2.24
288	exmpl200620	2022-09-21	BA.5.2.32
289	exmpl128411	2022-04-06	BA.2
290	exmpl80965	2022-01-23	AY.122
291	exmpl7816	2021-03-23	B.1.1.525
292	exmpl267010	2023-09-27	XBB.1.16
293	exmpl220687	2023-01-25	XBB.1.9.1
294	exmpl24198	2021-08-31	AY.122
295	exmpl264761	2023-05-02	XBB.1.5
296	exmpl85858	2022-01-21	BA.1.1
297	exmpl157266	2022-08-21	BA.5.2
298	exmpl182770	2022-09-08	BA.5.2
299	exmpl152614	2022-08-16	BA.5.2.7
300	exmpl2909	2021-03-15	B.1.1
301	exmpl174305	2022-02-07	BA.2
302	exmpl128259	2022-04-04	BA.2
303	exmpl172902	2022-08-25	BA.5.2.3
304	exmpl244447	2023-05-15	XBB.1.9.1
305	exmpl11957	2021-06-02	AY.122
306	exmpl83477	2021-12-10	AY.122
307	exmpl187014	2022-09-08	BA.5.2.20
308	exmpl86141	2022-01-22	BA.1.14
309	exmpl136449	2022-05-12	BA.2
310	exmpl128205	2022-04-03	BA.2.9
311	exmpl292487	2023-12-21	XBB.1.42.1
312	exmpl20681	2021-07-30	AY.122
313	exmpl69307	2022-01-17	AY.122
314	exmpl152491	2022-08-09	BA.5.2
315	exmpl253666	2021-11-15	AY.122
316	exmpl204622	2022-11-15	BA.5.2
317	exmpl43899	2021-12-06	AY.122
318	exmpl84907	2022-01-27	BA.1.1
319	exmpl106031	2022-02-09	BA.2
320	exmpl49509	2021-10-05	AY.122
321	exmpl44241	2020-08-11	B.1.1
322	exmpl262880	2023-03-19	XBB.3.4
323	exmpl272307	2023-10-11	FL.24
324	exmpl158360	2022-08-02	BA.5.2
325	exmpl133077	2022-03-18	BA.2
326	exmpl265651	2023-04-30	FL.4
327	exmpl145058	2022-07-11	BA.5.1
328	exmpl293168	2023-01-28	JN.1
329	exmpl30130	2021-06-27	AY.122
330	exmpl140255	2022-06-29	BA.2
331	exmpl181423	2022-10-03	BA.5.2
332	exmpl151644	2022-08-05	BA.5.1
333	exmpl156443	2022-08-22	BA.5.2
334	exmpl259913	2023-09-01	EG.6.1.1
335	exmpl188832	2022-09-15	BA.5.1.12
336	exmpl271742	2023-02-27	CK.1
337	exmpl54422	2021-12-10	AY.122
338	exmpl244344	2023-05-15	BN.1.2
339	exmpl229321	2023-02-15	XBB.1.9.1
340	exmpl252047	2021-11-24	AY.122
341	exmpl212376	2022-12-12	CK.1
342	exmpl16915	2021-06-11	B.1.1.523
343	exmpl32175	2021-10-06	AY.122
344	exmpl193319	2022-09-27	BA.5.2
345	exmpl96216	2022-02-01	BA.1.1
346	exmpl290827	2024-01-02	EG.5.1.1
347	exmpl4504	2021-04-15	B.1.1.141
348	exmpl115457	2022-02-12	BA.2
349	exmpl122306	2022-02-01	BA.1.1
350	exmpl230023	2023-01-03	CL.1
351	exmpl171222	2022-08-19	BA.5.2
352	exmpl247551	2021-06-28	AY.122
353	exmpl235749	2023-03-29	XBB.1.9.1
354	exmpl244270	2023-05-02	XBB.1.9.1
355	exmpl84922	2022-01-26	B.1.1.529
356	exmpl229626	2023-03-06	XBB.1.9.1
357	exmpl55036	2021-12-12	B.1.617.2
358	exmpl168261	2022-09-13	BA.5.2
359	exmpl61536	2022-01-06	BA.1.1
360	exmpl119817	2022-02-27	B.1.1.529
361	exmpl115689	2022-02-16	BA.1.1
362	exmpl113802	2022-02-07	BA.1
363	exmpl166855	2022-09-10	BA.5.2
364	exmpl297725	2024-02-06	JN.1.4
365	exmpl198188	2022-10-26	CL.1.3
366	exmpl201083	2022-11-07	BA.5.2
367	exmpl203486	2021-07-14	AY.122
368	exmpl136182	2022-04-24	BA.2
369	exmpl19181	2021-06-18	AY.122
370	exmpl98296	2022-02-06	BA.1.1
371	exmpl298775	2024-02-22	JN.1.4
372	exmpl55652	2021-12-23	AY.122
373	exmpl46360	2021-11-15	AY.122
374	exmpl101762	2022-01-20	BA.1.1
375	exmpl215629	2022-12-01	XBB.1
376	exmpl256877	2023-05-24	XBB.1.5
377	exmpl267224	2023-10-08	XBB.1
378	exmpl167431	2022-08-11	BA.5.2.21
379	exmpl157269	2022-08-21	BA.5.1.10
380	exmpl276736	2023-11-25	XBB.1.5
381	exmpl79451	2022-01-19	BA.1.1
382	exmpl77029	2022-01-20	BA.1.15
383	exmpl192679	2022-01-04	BA.1.1
384	exmpl28841	2021-09-23	AY.122
385	exmpl122113	2022-02-21	BA.1.18
386	exmpl237976	2023-03-29	XBB.1.9.1
387	exmpl195135	2022-10-31	BA.5.2
388	exmpl181546	2022-10-02	BA.4.4
389	exmpl295433	2024-02-26	JN.1
390	exmpl292694	2024-01-22	FL.24
391	exmpl200382	2022-11-11	BA.5.2
392	exmpl280179	2023-12-13	FL.1.5.1
393	exmpl151502	2022-08-15	BA.5.1
394	exmpl140878	2022-07-01	BA.2
395	exmpl238970	2023-04-07	XBB.1.5
396	exmpl177410	2022-08-10	BA.5.2
397	exmpl252993	2021-02-19	BA.1.1
398	exmpl254189	2023-04-05	XBB.1.9.5
399	exmpl77297	2022-01-24	AY.122
400	exmpl148242	2022-07-28	BA.5.2
401	exmpl73084	2022-01-08	B.1.617.2
402	exmpl267365	2023-10-09	XBB.1.16.17
403	exmpl27605	2021-07-26	AY.122
404	exmpl147379	2022-08-03	BA.5.2
405	exmpl160890	2022-08-31	BA.5.2
406	exmpl98527	2022-02-04	BA.2
407	exmpl175920	2022-08-31	BA.5.2
408	exmpl277324	2023-12-05	XBB.1.16
409	exmpl216438	2022-12-07	BF.11
410	exmpl192879	2022-10-12	BA.5.2
411	exmpl293681	2024-01-29	JN.1
412	exmpl100872	2022-02-09	BA.1.1
413	exmpl180648	2022-08-04	BA.5.2
414	exmpl167952	2022-09-08	BA.5.2
415	exmpl152272	2022-07-24	BE.1
416	exmpl237236	2023-03-21	XBB.1.5
417	exmpl4666	2021-03-30	B.1.1.523
418	exmpl216307	2022-12-02	CL.1
419	exmpl218536	2023-01-16	BF.7
420	exmpl183779	2022-08-23	BA.5.2
421	exmpl122697	2022-02-18	BA.2
422	exmpl217517	2022-12-13	BF.7
423	exmpl167374	2022-08-03	BA.5.2
424	exmpl40798	2021-08-26	AY.122
425	exmpl211793	2022-11-28	CL.1
426	exmpl194116	2022-09-07	BA.5.2
427	exmpl292847	2024-01-13	JN.1
428	exmpl54539	2021-12-10	AY.122
429	exmpl210711	2022-09-14	BA.5.2
430	exmpl176184	2022-09-20	BA.5.2
431	exmpl273864	2023-11-10	XBB.1
432	exmpl76089	2022-01-16	BA.1.1
433	exmpl142841	2022-07-13	BA.5.2
434	exmpl278010	2023-10-31	FL.24
435	exmpl224189	2023-02-04	XBB.1
436	exmpl44077	2021-11-26	AY.122
437	exmpl243198	2023-04-25	XBB.1.5
438	exmpl269104	2023-10-24	XBB.1.16.17
439	exmpl249524	2021-11-01	AY.122
440	exmpl100741	2022-02-08	BA.1.1
441	exmpl204384	2022-11-19	CL.1
442	exmpl294685	2024-02-13	JN.1.4
443	exmpl298328	2024-01-15	JN.1.4
444	exmpl9044	2021-05-24	B.1.1.7
445	exmpl37743	2021-10-11	AY.122
446	exmpl277701	2023-09-29	FL.24
447	exmpl200634	2022-09-22	BA.5.2.19
448	exmpl137616	2022-05-28	BA.2
449	exmpl263059	2023-03-22	XBB.1.5
450	exmpl46643	2021-11-08	AY.122
451	exmpl232344	2023-03-06	XBB.1.5
452	exmpl170864	2022-07-12	BA.5.2.1
453	exmpl209039	2022-12-02	XBB.1
454	exmpl12642	2021-06-23	AY.122
455	exmpl210952	2022-10-20	BA.5.2
456	exmpl55031	2021-12-12	AY.122
457	exmpl240479	2023-04-05	CL.1.2
458	exmpl151493	2022-08-05	BA.5.2
459	exmpl213899	2022-08-15	BA.5.2
460	exmpl245123	2023-04-04	XBB.1.9.1
461	exmpl213237	2022-11-30	BA.5.2
462	exmpl28685	2021-05-25	AY.122
463	exmpl52800	2021-12-05	AY.122
464	exmpl267399	2023-10-06	GE.1.2
465	exmpl206394	2022-09-01	BA.5.2
466	exmpl171671	2022-09-20	BA.5.2.7
467	exmpl229325	2023-03-06	XBB.1
468	exmpl229633	2023-03-06	BA.5.2
469	exmpl67837	2022-01-14	BA.1.1
470	exmpl233762	2023-03-22	XBB.1.37.1
471	exmpl136668	2022-05-25	BA.2
472	exmpl137460	2022-06-13	BA.2
473	exmpl216607	2022-11-29	CK.2.1
474	exmpl273549	2023-11-15	EG.5.1.1
475	exmpl155824	2022-07-06	BE.1
476	exmpl271765	2023-03-11	XBB.1.9.1
477	exmpl79877	2022-01-17	B.1.1.529
478	exmpl61566	2022-01-06	AY.122
479	exmpl78721	2022-01-19	AY.122
480	exmpl187892	2022-08-07	BA.5.2
481	exmpl91934	2022-01-31	BA.1.1
482	exmpl192587	2022-01-29	BA.1.1
483	exmpl170023	2022-09-07	BA.5.2.1
484	exmpl73604	2022-01-17	BA.1.15
485	exmpl292069	2023-11-13	GE.1
486	exmpl243928	2023-05-10	XBB.1.9.1
487	exmpl267373	2023-10-09	XBB.1.16.1
488	exmpl78927	2022-01-18	BA.1.1
489	exmpl37652	2021-10-13	AY.122
490	exmpl245002	2023-03-20	XBB.2.9
491	exmpl109370	2021-12-24	AY.122
492	exmpl11112	2021-05-19	B.1.1.523
493	exmpl211784	2022-12-01	BA.5.2
494	exmpl131048	2022-04-18	BA.2
495	exmpl97579	2022-02-04	BA.1.17.2
496	exmpl127487	2022-03-31	B.1.1.529
497	exmpl62408	2022-01-08	AY.122
498	exmpl177878	2022-09-22	BA.5.2
499	exmpl267915	2023-10-02	XBB.1.16.6
500	exmpl68273	2022-01-09	AY.122
501	exmpl242444	2023-03-12	XBB.1.38
502	exmpl66682	2022-01-13	B.1.1.529
503	exmpl19415	2021-06-29	AY.122
504	exmpl257141	2023-07-04	XBB.1.5
505	exmpl263710	2023-04-19	EG.14
506	exmpl63849	2022-01-10	B.1.1.529
507	exmpl61954	2022-01-04	AY.122
508	exmpl154704	2022-07-26	BA.5.2
509	exmpl168622	2022-08-15	BA.5.2
510	exmpl149063	2022-08-08	BA.2
511	exmpl256927	2023-07-03	FL.12
512	exmpl274436	2023-11-07	EG.5.1.1
513	exmpl31375	2021-10-04	AY.122
514	exmpl247558	2021-06-28	AY.122
515	exmpl258338	2023-06-09	XBB.1.5
516	exmpl296389	2024-02-20	JN.1.4
517	exmpl37393	2021-10-12	AY.122
518	exmpl198908	2022-11-08	BF.5
519	exmpl279985	2023-11-22	XBB.1.16
520	exmpl134851	2022-05-24	BA.2
521	exmpl185332	2022-09-16	BA.5.2
522	exmpl169682	2022-08-22	BA.5.2
523	exmpl50262	2021-12-21	B.1.617.2
524	exmpl148841	2022-07-30	BA.5.1.12
525	exmpl169775	2022-08-24	BA.5.2
526	exmpl109367	2022-02-16	BA.1.15
527	exmpl1245	2020-12-25	B.1.1.397
528	exmpl176708	2022-08-20	BA.5.2.20
529	exmpl139962	2022-06-29	BA.2.9
530	exmpl139414	2022-06-27	BA.2
531	exmpl135406	2022-05-01	BA.2
532	exmpl143333	2022-01-24	BA.1.1
533	exmpl262419	2023-03-07	XBB.1.9.1
534	exmpl291735	2023-09-29	XBB.1.16
535	exmpl200580	2022-11-09	BA.5.2
536	exmpl264422	2023-04-24	XBB.1.9.1
537	exmpl235681	2023-03-20	BA.1.1
538	exmpl275375	2023-11-07	XBB.1.16.11
539	exmpl235626	2023-03-23	XBB.1
540	exmpl240413	2023-04-10	FL.2
541	exmpl118185	2022-02-19	BA.1.1
542	exmpl194164	2022-09-15	BA.5.1.12
543	exmpl247183	2023-05-29	XBB.1.9.1
544	exmpl203506	2021-07-19	AY.122
545	exmpl258920	2023-08-15	XBB.1.16.6
546	exmpl154526	2022-08-15	BA.5.2.1
547	exmpl256793	2023-03-29	XBB.1.9.1
548	exmpl206414	2022-09-24	BA.5.2
549	exmpl228669	2023-02-16	XBB.1.5
550	exmpl162566	2022-08-10	BA.5.2
551	exmpl85122	2022-01-28	B.1.1.529
552	exmpl254965	2022-09-30	BA.5.2
553	exmpl294821	2024-02-18	JN.1
554	exmpl163914	2022-09-05	BA.5.2
555	exmpl219803	2023-01-11	XBB
556	exmpl284168	2023-11-18	XBB.2.3.11
557	exmpl252515	2021-03-22	B.1.1.7
558	exmpl24769	2021-09-02	B.1.617.2
559	exmpl100286	2022-02-07	BA.1.1
560	exmpl294689	2024-02-13	HK.27.1
561	exmpl68299	2022-01-10	AY.126
562	exmpl213160	2022-11-22	XBB.1
563	exmpl70922	2022-01-17	B.1.1.529
564	exmpl248644	2021-11-21	AY.122
565	exmpl85421	2022-01-26	B.1.1.529
566	exmpl34564	2021-10-17	AY.122
567	exmpl249076	2021-11-08	AY.122
568	exmpl213000	2022-12-14	CL.1
569	exmpl96205	2022-02-05	BA.1.14
570	exmpl211486	2022-11-26	CH.1.1
571	exmpl2338	2021-01-13	B.1.1.525
572	exmpl295300	2024-02-24	JN.1
573	exmpl109846	2021-12-24	AY.122
574	exmpl190553	2022-10-10	BF.7
575	exmpl260441	2023-09-05	FL.24
576	exmpl232096	2023-03-13	XBB.1.5
577	exmpl56923	2021-08-23	AY.122
578	exmpl75981	2022-01-15	BA.1.1
579	exmpl47192	2020-08-26	B.1.1.317
580	exmpl183312	2022-09-25	BA.5.2.18
581	exmpl96015	2022-02-07	BA.2
582	exmpl4981	2021-04-23	B.1.1.372
583	exmpl192569	2022-01-29	BA.1.1
584	exmpl251121	2021-08-25	B.1.617.2
585	exmpl255697	2023-04-28	XBB.3.4
586	exmpl98006	2022-02-07	B.1.1.529
587	exmpl296873	2024-02-15	GJ.3
588	exmpl169132	2022-08-21	BA.5.2
589	exmpl896	2020-12-28	B.1.1.189
590	exmpl66671	2022-01-04	B.1.617.2
591	exmpl212512	2022-10-16	BA.5.2.18
592	exmpl66664	2022-01-11	B.1.1.529
593	exmpl81	2020-11-07	B.1.1
594	exmpl156042	2022-08-19	BF.5
595	exmpl245347	2023-02-03	CH.1.1
596	exmpl225909	2023-02-13	XBB.1
597	exmpl169538	2022-09-19	BA.5.2
598	exmpl295219	2024-02-19	JN.1.4
599	exmpl104491	2022-02-11	BA.1.1
600	exmpl179903	2022-09-01	BA.5.2.1
601	exmpl295508	2024-02-14	JN.1
602	exmpl261495	2023-06-15	XBB.1.9.1
603	exmpl2014	2020-12-21	B.1.1.372
604	exmpl13563	2021-04-07	B.1.1.7
605	exmpl293456	2024-02-01	JN.1
606	exmpl258270	2023-04-18	XBB.1.9.1
607	exmpl11486	2021-04-30	B.1.1.7
608	exmpl91053	2022-01-29	BA.1.1
609	exmpl272812	2023-10-17	EG.5.1.1
610	exmpl17050	2021-06-12	AY.122
611	exmpl52806	2021-12-04	AY.122
612	exmpl169235	2022-08-19	BA.5.2
613	exmpl81084	2022-01-21	B.1.617.2
614	exmpl5187	2021-04-23	B.1.1.336
615	exmpl255743	2023-04-26	XBB.1.9.2
616	exmpl261839	2023-07-14	FL.4
617	exmpl142754	2022-07-12	BA.5.2
618	exmpl181806	2022-09-02	BA.5.2
619	exmpl179863	2022-08-30	BA.5.2
620	exmpl210951	2022-10-20	BA.5.2
621	exmpl218959	2023-01-17	DY.2
622	exmpl234862	2023-02-04	GD.3
623	exmpl192737	2022-01-11	BA.1.1
624	exmpl108782	2021-12-19	AY.122
625	exmpl96817	2022-02-01	BA.1.1
626	exmpl236960	2022-08-25	BA.5.2
627	exmpl138149	2022-06-16	BA.2.3
628	exmpl59310	2021-11-19	B.1.617.2
629	exmpl227828	2023-02-08	XBB.1.9.5
630	exmpl274773	2023-11-21	FU.1
631	exmpl222622	2022-12-29	XBB.1
632	exmpl226562	2023-02-16	XBB.1.9.5
633	exmpl149693	2022-07-21	BA.5.2.1
634	exmpl164143	2022-08-22	BA.5.1.22
635	exmpl27050	2021-09-14	AY.122
636	exmpl15993	2021-07-06	AY.122
637	exmpl51326	2020-08-12	B.1.1
638	exmpl294180	2024-02-06	FL.24.1
639	exmpl119703	2022-02-11	BA.1.17.2
640	exmpl37353	2021-11-11	AY.122
641	exmpl116089	2022-01-28	BA.1.1
642	exmpl38546	2021-11-17	AY.122
643	exmpl168697	2022-08-08	BA.5.1.23
644	exmpl241281	2023-04-18	XBB.1.5
645	exmpl221638	2023-01-25	XBB.1.9.5
646	exmpl251962	2021-11-24	AY.122
647	exmpl218793	2023-01-16	BA.5.2.33
648	exmpl281964	2023-12-22	EG.5.1.1
649	exmpl208680	2022-12-05	BF.5
650	exmpl56671	2021-08-06	AY.122
651	exmpl152179	2022-07-23	BA.5.2
652	exmpl297408	2024-01-31	JN.1
653	exmpl49614	2021-10-07	AY.122
654	exmpl37211	2021-11-01	B.1.617.2
655	exmpl252934	2022-02-20	BA.2
656	exmpl104120	2022-02-09	BA.1
657	exmpl193740	2022-10-25	BF.36
658	exmpl103578	2022-02-13	BA.1.1
659	exmpl11100	2021-05-17	AY.122
660	exmpl188028	2022-09-14	BA.5.1
661	exmpl7599	2020-12-24	B.1.1.317
662	exmpl264394	2023-04-25	XBB.1.37.1
663	exmpl141537	2021-06-09	AY.122
664	exmpl203015	2022-09-20	BA.5.2
665	exmpl299164	2024-02-19	JN.1
666	exmpl53231	2021-12-05	AY.122
667	exmpl21825	2021-08-10	AY.122
668	exmpl283797	2023-10-23	FL.5
669	exmpl244506	2023-05-15	FL.14
670	exmpl296084	2023-12-29	XBB.1.16.11
671	exmpl181255	2022-09-05	BA.5.2
672	exmpl259262	2023-04-24	XBB.1.9.1
673	exmpl260128	2023-09-01	FU.1
674	exmpl171070	2022-07-22	BA.5.2
675	exmpl20282	2021-07-30	B.1.1.317
676	exmpl0	2020-12-24	B.1.1.141
677	exmpl222363	2022-11-27	CL.1
678	exmpl11617	2021-06-09	AY.122
679	exmpl172026	2022-09-19	BA.5.2.1
680	exmpl230086	2023-01-03	XBB.3.4
681	exmpl255321	2023-06-16	XBB.1.9
682	exmpl168511	2022-08-03	BA.5.2.20
683	exmpl214503	2022-12-18	XBB.1.38.1
684	exmpl139540	2022-06-29	BA.2
685	exmpl208476	2022-09-02	BA.5.2
686	exmpl235048	2023-02-01	CH.1.1.24
687	exmpl50422	2021-11-22	AY.43
688	exmpl260034	2023-09-01	FL.1.5.1
689	exmpl147325	2022-08-03	BA.5.2
690	exmpl45099	2020-11-02	B.1.1.317
691	exmpl99071	2022-02-02	BA.1.1
692	exmpl266064	2023-09-25	XBB.1.16.11
693	exmpl108057	2022-02-15	BA.1.17.2
694	exmpl215598	2022-12-02	BA.5.1
695	exmpl36435	2021-08-18	B.1.617.2
696	exmpl75774	2022-01-15	AY.122
697	exmpl192579	2022-01-29	BA.1.1
698	exmpl211614	2022-12-08	BA.5.2
699	exmpl7432	2020-11-09	B.1.1.397
700	exmpl263575	2023-04-15	XBB.1.9.1
701	exmpl117639	2022-02-25	BA.1.1
702	exmpl200033	2022-09-21	BA.5.2
703	exmpl169764	2022-08-24	BA.5.2
704	exmpl206675	2022-11-05	BE.1.1
705	exmpl97485	2022-02-01	BA.1.1
706	exmpl266478	2023-09-21	XBB.1.16.11
707	exmpl212723	2022-11-03	CL.1
708	exmpl265466	2023-05-25	FU.1
709	exmpl72359	2022-01-14	B.1.1.529
710	exmpl150098	2022-08-05	BA.2
711	exmpl52586	2021-12-03	AY.122
712	exmpl196041	2022-10-31	CL.1
713	exmpl200376	2022-11-10	BA.5.2
714	exmpl204000	2021-08-17	AY.122
715	exmpl266171	2023-09-21	XBB.2.3.12
716	exmpl265564	2023-05-30	FL.4
717	exmpl295415	2024-02-19	JN.1
718	exmpl63592	2022-01-10	B.1.1.529
719	exmpl35810	2021-09-08	B.1.617.2
720	exmpl22173	2021-07-02	AY.122
721	exmpl187545	2022-10-07	BA.5.2
722	exmpl143540	2022-07-17	BA.5.1
723	exmpl168382	2022-09-13	BE.1.1
724	exmpl59504	2021-12-18	AY.126
725	exmpl264882	2023-05-06	XBB.1.9.1
726	exmpl104149	2022-02-09	BA.2
727	exmpl149841	2022-08-09	BA.5
728	exmpl235159	2023-01-04	CL.1
729	exmpl209491	2022-11-07	BA.5.2.21
730	exmpl291644	2023-09-24	FY.3.1
731	exmpl34639	2021-09-18	AY.122
732	exmpl93348	2022-02-01	BA.1.1
733	exmpl117777	2022-02-28	BA.1.15
734	exmpl6728	2021-02-11	B.1
735	exmpl233254	2023-03-19	XBB.1.9.1
736	exmpl212233	2022-09-06	BA.5.2
737	exmpl137778	2022-06-01	BA.2
738	exmpl268171	2023-04-20	XBB.1
739	exmpl277721	2023-10-02	XBB.1.37.1
740	exmpl159685	2022-08-25	BA.5.2.1
741	exmpl99447	2022-02-07	BA.1.1
742	exmpl193022	2022-10-19	BA.5.2
743	exmpl298708	2024-02-16	JN.1
744	exmpl222243	2022-11-15	CL.1
745	exmpl33435	2021-10-06	B.1.617.2
746	exmpl157966	2022-08-29	BA.5.2
747	exmpl223368	2023-02-06	FL.4
748	exmpl250092	2021-09-17	AY.122
749	exmpl51711	2021-11-23	AY.122
750	exmpl35384	2021-11-02	AY.122
751	exmpl75737	2022-01-14	BA.1.1.18
752	exmpl93222	2022-02-01	B.1.1.529
753	exmpl151173	2022-08-08	BF.5
754	exmpl231234	2023-03-01	BN.1.3
755	exmpl183742	2022-08-23	BA.5.2
756	exmpl228406	2023-02-27	XBB.1.5.24
757	exmpl200627	2022-09-22	BF.5
758	exmpl153430	2022-08-17	BA.5.2
759	exmpl185492	2022-09-15	BA.5.2.20
760	exmpl250624	2021-02-08	B.1.1
761	exmpl133737	2022-04-18	BA.2
762	exmpl130546	2022-04-16	BA.1
763	exmpl252323	2020-09-21	B.1.1.317
764	exmpl149306	2022-08-07	BA.5.2.16
765	exmpl111360	2022-01-17	BA.1.1
766	exmpl271427	2023-11-02	FL.24
767	exmpl31108	2021-10-04	B.1.617.2
768	exmpl250666	2021-02-08	B.1.1
769	exmpl46518	2021-11-19	AY.122
770	exmpl131828	2022-04-26	BA.2
771	exmpl21893	2021-08-06	AY.122
772	exmpl246425	2022-08-16	BA.5.2.1
773	exmpl58817	2021-12-28	AY.122
774	exmpl190495	2022-10-13	BA.5.2
775	exmpl21725	2021-08-03	B.1.617.2
776	exmpl225850	2023-02-09	XBB.1.9.5
777	exmpl222239	2022-11-15	BA.5.2.6
778	exmpl257435	2023-07-12	XBB.1.16
779	exmpl7015	2021-02-11	B.1.1
780	exmpl236699	2023-04-04	XBB.1.37.1
781	exmpl149678	2022-07-21	BA.2
782	exmpl241397	2023-03-10	XBB.1
783	exmpl112859	2022-02-15	BA.1.1
784	exmpl165732	2022-09-07	BA.5.2
785	exmpl217462	2022-12-28	BA.5.2
786	exmpl260514	2023-09-11	EG.5.1.1
787	exmpl109637	2021-12-18	AY.122
788	exmpl236295	2023-03-30	FL.10
789	exmpl291929	2023-11-09	XBB.1.16
790	exmpl282272	2023-12-11	XBB.1.16.17
791	exmpl281074	2023-12-20	FL.24
792	exmpl156351	2022-08-19	BA.5.2
793	exmpl270994	2023-10-30	FL.1
794	exmpl216640	2022-11-22	XBB.1
795	exmpl192709	2022-01-09	BA.1.1
796	exmpl210934	2022-10-18	BA.5.2
797	exmpl20138	2021-08-02	AY.122
798	exmpl64886	2022-01-09	BA.1.15
799	exmpl223908	2023-02-03	CL.1
800	exmpl116250	2022-02-24	BA.1.1
801	exmpl13617	2021-04-23	B.1.1.525
802	exmpl22947	2021-08-14	AY.122
803	exmpl240856	2023-04-24	FL.14
804	exmpl68786	2022-01-12	BA.1
805	exmpl39665	2021-11-15	AY.122
806	exmpl168423	2022-08-25	BE.1.1
807	exmpl295167	2024-02-21	JN.1
808	exmpl126308	2022-03-23	BA.1.1
809	exmpl276828	2023-11-28	FL.24
810	exmpl200521	2022-11-11	BA.5.2.20
811	exmpl270995	2023-10-31	XBB.2.3.11
812	exmpl194085	2022-09-05	BA.5.2.32
813	exmpl112577	2022-02-17	BA.1.1
814	exmpl146649	2022-07-30	BA.5.1
815	exmpl299018	2024-02-18	JN.1.4
816	exmpl251884	2021-11-27	AY.122
817	exmpl268779	2023-10-20	XBB.2.3
818	exmpl271558	2022-09-12	BA.5.2
819	exmpl153673	2022-08-14	BA.5.2.16
820	exmpl271289	2022-09-12	BA.5.2
821	exmpl68853	2022-01-13	BA.1.1
822	exmpl56307	2021-07-29	AY.122
823	exmpl267260	2023-09-28	FY.3.1
824	exmpl31146	2021-10-06	B.1.617.2
825	exmpl255155	2023-04-06	XBB.1.9
826	exmpl233627	2023-03-22	XBB.1.25
827	exmpl229774	2023-02-17	CL.1.2
828	exmpl134850	2022-05-23	BA.2.23
829	exmpl78180	2022-01-17	AY.122
830	exmpl52153	2021-12-02	AY.122
831	exmpl182223	2022-09-06	BA.5.2.1
832	exmpl240868	2023-04-24	XBB.2.3
833	exmpl50747	2021-12-16	AY.122
834	exmpl115905	2022-02-05	BA.1.1
835	exmpl252574	2021-03-22	B.1.1
836	exmpl296810	2024-03-03	JN.1
837	exmpl268351	2023-10-19	XBB.1.9.1
838	exmpl110558	2022-01-26	BA.1.1
839	exmpl176678	2022-08-16	BE.1.1
840	exmpl248962	2021-06-04	B.1.1.523
841	exmpl251701	2021-10-01	AY.122
842	exmpl60813	2022-01-03	AY.122
843	exmpl116825	2022-02-22	BA.2
844	exmpl237327	2023-04-04	FL.4
845	exmpl171413	2022-08-22	BA.5.2.1
846	exmpl144404	2022-07-25	BA.5.1
847	exmpl250827	2021-04-16	B.1.1.336
848	exmpl80945	2022-01-24	B.1.1.529
849	exmpl52458	2021-12-15	AY.122
850	exmpl172889	2022-09-18	BA.5.2
851	exmpl59613	2021-12-09	AY.43.8
852	exmpl218999	2023-01-13	XBB.2
853	exmpl247897	2021-05-17	B.1.1.523
854	exmpl168033	2022-09-09	BA.5.2
855	exmpl8258	2020-11-27	B.1.1
856	exmpl238049	2023-03-23	XBB.1.5
857	exmpl87082	2022-01-25	BA.2
858	exmpl276575	2023-12-01	XBB.1.41.1
859	exmpl95970	2022-02-01	BA.1.1
860	exmpl86995	2022-01-27	BA.1.1
861	exmpl232915	2023-03-03	XBB.1.9.5
862	exmpl215008	2022-12-26	BA.5.2.32
863	exmpl35184	2021-10-26	B.1.617.2
864	exmpl58874	2021-12-28	AY.122
865	exmpl185189	2022-09-03	BA.5.2
866	exmpl166229	2022-08-03	BA.5.2.1
867	exmpl51907	2021-10-21	AY.122
868	exmpl115141	2022-02-21	BA.1.1
869	exmpl186884	2022-09-27	BA.5
870	exmpl54166	2021-12-09	B.1.617.2
871	exmpl183792	2022-08-22	BA.5.1
872	exmpl82150	2022-01-25	B.1.1.529
873	exmpl176805	2022-08-18	BA.5.6
874	exmpl247217	2021-06-16	B.1.1.523
875	exmpl95090	2022-01-27	BA.1.1
876	exmpl14421	2021-07-06	B.1.617.2
877	exmpl278158	2023-10-10	FL.24
878	exmpl146488	2022-08-01	BA.5.2
879	exmpl124786	2022-03-18	BA.2
880	exmpl58139	2021-12-06	B
881	exmpl57234	2021-09-07	AY.122
882	exmpl196945	2022-08-13	BA.5.2
883	exmpl175131	2022-08-23	BA.5.1.24
884	exmpl119874	2022-03-02	BA.2
885	exmpl104567	2022-02-10	BA.1.1
886	exmpl27606	2021-07-26	AY.122
887	exmpl232711	2023-03-16	XBB.1.4
888	exmpl16974	2021-06-12	AY.122
889	exmpl296097	2023-12-23	XBB.1.22
890	exmpl27931	2021-09-14	AY.122
891	exmpl151820	2022-08-09	BA.5.2
892	exmpl117658	2022-02-26	BA.2
893	exmpl172293	2022-09-20	BA.5.2
894	exmpl110138	2021-12-26	AY.122
895	exmpl201616	2022-10-11	BF.7.21
896	exmpl250379	2021-10-25	B.1.617.2
897	exmpl61823	2022-01-07	AY.122
898	exmpl172697	2022-06-08	BA.5.2.16
899	exmpl278319	2023-10-23	FL.24
900	exmpl83012	2022-01-17	AY.122
901	exmpl227930	2023-02-16	XBB.1.9.1
902	exmpl5009	2021-04-19	B.1.1.7
903	exmpl252428	2020-10-02	B.1.1.294
904	exmpl1550	2021-03-15	B.1.1
905	exmpl87182	2022-01-24	AY.122
906	exmpl238170	2023-04-09	XBB.1.9.1
907	exmpl44255	2020-08-12	B.1.1
908	exmpl49219	2020-09-30	B.1.1.317
909	exmpl56693	2021-08-06	AY.122
910	exmpl83910	2022-01-18	BA.1
911	exmpl96727	2021-12-03	BA.1.17.2
912	exmpl229595	2023-03-06	CH.1.1.11
913	exmpl58487	2021-12-07	AY.122
914	exmpl273848	2020-12-25	B.1.1
915	exmpl261350	2023-06-08	XBB.1.16
916	exmpl88539	2022-01-29	BA.1.1
917	exmpl216839	2022-12-13	XBB.1.17.2
918	exmpl44167	2020-06-18	B.1.1
919	exmpl149902	2022-08-07	BA.5.1
920	exmpl155039	2022-08-17	BA.5.2
921	exmpl221845	2022-10-07	BA.5.2.1
922	exmpl124234	2022-02-25	BA.1.1
923	exmpl188253	2022-09-10	BA.5.2.21
924	exmpl241914	2023-01-30	CH.1.1.24
925	exmpl243446	2023-05-04	XBB.1.5
926	exmpl258310	2023-04-19	XBB.1.9.1
927	exmpl165856	2022-09-12	BA.5.2.27
928	exmpl255759	2023-05-17	FL.5
929	exmpl267637	2023-10-10	XBB.1.16
930	exmpl128583	2022-03-22	BA.2
931	exmpl166982	2022-08-16	BA.5.2
932	exmpl53421	2021-12-13	AY.122
933	exmpl177782	2022-09-22	BA.5.2.20
934	exmpl296308	2024-01-27	FL.1.5.1
935	exmpl127553	2022-03-31	BA.2
936	exmpl194340	2022-09-21	BA.5.2
937	exmpl185215	2022-08-23	BA.5.2
938	exmpl290942	2023-12-24	JN.2
939	exmpl137431	2022-06-13	BA.2
940	exmpl182424	2022-10-03	BA.5.2
941	exmpl257139	2023-07-04	XBB.1.5.24
942	exmpl53802	2021-12-07	AY.122
943	exmpl176884	2022-08-11	BA.5.2.1
944	exmpl60536	2022-01-06	AY.122
945	exmpl55792	2021-12-20	AY.122
946	exmpl299526	2024-03-18	JN.1.4
947	exmpl174880	2022-08-15	BA.5.2
948	exmpl109756	2021-12-18	AY.122
949	exmpl153053	2022-08-11	BA.5.2
950	exmpl267458	2023-08-08	XBB.1.16.11
951	exmpl254255	2023-04-07	XBB.1.9.1
952	exmpl214335	2022-12-15	BA.2
953	exmpl222407	2022-12-08	CK.1
954	exmpl56646	2021-08-03	AY.122
955	exmpl234287	2023-03-27	FL.7
956	exmpl235146	2023-02-03	XBB.1.9.3
957	exmpl87196	2022-01-27	B.1.1.529
958	exmpl155642	2022-08-23	BA.5.2.1
959	exmpl165345	2022-08-01	BA.5.2
960	exmpl115050	2022-02-22	BA.2
961	exmpl169039	2022-09-11	BA.5.2
962	exmpl115175	2022-02-19	BA.2
963	exmpl239884	2023-04-19	XBB.1.9.1
964	exmpl140204	2022-06-30	BA.2
965	exmpl47	2020-11-06	B.1.1.349
966	exmpl215884	2022-11-25	BA.5.2
967	exmpl128367	2022-04-02	BA.1.1.14
968	exmpl218939	2023-01-14	XBB.1.9.5
969	exmpl223942	2023-02-07	XBB.1.25
970	exmpl291965	2023-11-10	FL.24
971	exmpl26043	2021-09-06	AY.122
972	exmpl45522	2021-10-19	AY.122
973	exmpl80978	2022-01-22	BA.1.1
974	exmpl171840	2022-08-08	BA.5.2.21
975	exmpl152784	2022-08-17	BA.5.2
976	exmpl209534	2022-11-16	BA.5.2
977	exmpl129058	2022-04-07	BA.2.10
978	exmpl152332	2022-07-25	BA.5.2
979	exmpl123131	2022-03-03	BA.2
980	exmpl85332	2022-01-25	B.1.1.529
981	exmpl280687	2023-12-15	FL.1.5.1
982	exmpl297791	2024-03-05	JN.1
983	exmpl263332	2023-04-03	GD.3
984	exmpl86582	2022-01-27	BA.1.1
985	exmpl261841	2023-07-15	FY.3.1
986	exmpl139802	2022-06-14	BA.2
987	exmpl266830	2023-10-04	XBB.1.22.1
988	exmpl76822	2022-01-23	BA.1.1
989	exmpl195547	2022-10-09	BA.5.2
990	exmpl129187	2022-04-07	BA.2
991	exmpl6262	2020-07-11	B.1.1
992	exmpl75685	2022-01-14	BA.1.17.2
993	exmpl20107	2021-08-02	AY.122
994	exmpl156851	2022-08-11	BA.5.2
995	exmpl81135	2022-01-21	BA.1.17.2
996	exmpl250100	2021-09-17	B.1.617.2
997	exmpl269410	2023-04-24	XBB.2.9
998	exmpl25983	2021-09-06	AY.122
999	exmpl231942	2023-03-10	XBB
1000	exmpl249977	2021-09-17	B.1.617.2
1001	exmpl234857	2023-02-05	XBB.1.9.3
1002	exmpl279512	2023-11-24	GS.4.1
1003	exmpl165808	2022-08-31	BA.5.2
1004	exmpl91	2020-11-09	B.1.1.317
1005	exmpl136652	2022-05-25	BA.2
1006	exmpl210745	2022-09-15	BA.5.2
1007	exmpl44623	2020-09-16	B.1.1
1008	exmpl116530	2022-02-22	BA.1.1
1009	exmpl233771	2023-03-22	XBB
1010	exmpl34661	2021-10-14	AY.122
1011	exmpl149738	2022-06-23	BA.2
1012	exmpl78624	2022-01-19	BA.1.1
1013	exmpl293805	2023-12-19	XBB.1.42
1014	exmpl228158	2023-02-27	BE.9
1015	exmpl211053	2022-10-24	BA.5.2.32
1016	exmpl16900	2021-06-12	AY.122
1017	exmpl145445	2022-07-23	BA.5.1
1018	exmpl130983	2022-04-14	BA.2
1019	exmpl177660	2022-08-31	BA.5.2.20
1020	exmpl244153	2023-04-14	XBB.1.28.1
1021	exmpl228493	2023-02-27	XBB.1.5.24
1022	exmpl88296	2022-01-27	B.1.617.2
1023	exmpl193189	2022-09-16	BA.5.2.1
1024	exmpl23722	2021-08-24	AY.122
1025	exmpl109020	2021-10-11	AY.122
1026	exmpl279497	2023-11-24	XBB.1.16
1027	exmpl223833	2023-02-07	CA.7
1028	exmpl36968	2021-10-19	B.1.617.2
1029	exmpl151648	2022-08-12	BA.5.2.1
1030	exmpl154497	2022-08-13	BA.5.2
1031	exmpl86449	2022-01-27	BA.1.17.2
1032	exmpl68791	2022-01-12	BA.1.15
1033	exmpl195866	2022-10-28	BA.5.1.10
1034	exmpl67202	2022-01-10	AY.122
1035	exmpl32415	2021-10-15	AY.122
1036	exmpl67891	2022-01-14	B.1.617.2
1037	exmpl194267	2022-09-14	BA.5.2
1038	exmpl179908	2022-09-02	BA.5.2
1039	exmpl148679	2022-08-08	BA.5.2.21
1040	exmpl220771	2023-01-30	XBB.1.5
1041	exmpl61982	2021-12-27	BA.1.17.2
1042	exmpl185300	2022-09-08	BA.5.2
1043	exmpl31682	2021-10-11	AY.122
1044	exmpl112419	2022-02-19	BA.1.1
1045	exmpl225843	2023-02-09	XBB.1.9
1046	exmpl106344	2022-02-13	BA.1.14
1047	exmpl298087	2024-03-11	JN.1.4
1048	exmpl65540	2021-10-11	AY.122
1049	exmpl221707	2022-09-27	BA.5.1
1050	exmpl230249	2023-01-19	BA.5.2
1051	exmpl273269	2023-11-11	HK.1
1052	exmpl244713	2023-04-07	XBB.1.9.1
1053	exmpl125355	2022-03-06	BA.2
1054	exmpl231425	2023-03-13	FL.2
1055	exmpl294571	2024-02-13	JN.1.8
1056	exmpl148403	2022-07-27	BA.5.2
1057	exmpl152044	2022-08-12	BA.5.2
1058	exmpl36603	2021-11-08	AY.122
1059	exmpl195340	2022-10-31	BA.5.2
1060	exmpl162361	2022-08-30	BA.5.2
1061	exmpl156285	2022-08-22	BA.5.2
1062	exmpl164632	2022-08-12	BA.5.2
1063	exmpl98744	2022-02-02	BA.1.1
1064	exmpl242477	2023-03-20	FL.26
1065	exmpl139311	2022-06-27	BA.2.12.1
1066	exmpl93080	2022-02-01	BA.1.1
1067	exmpl277892	2023-10-03	XBB.1.16.20
1068	exmpl202122	2022-10-05	BA.5.2
1069	exmpl242212	2023-01-26	BA.5.2.32
1070	exmpl216699	2022-12-07	CL.1.2
1071	exmpl253252	2020-10-20	B.1.1
1072	exmpl200388	2022-10-30	BA.5.2
1073	exmpl152304	2022-07-25	BA.5.2
1074	exmpl46658	2021-10-31	AY.122
1075	exmpl231521	2023-03-14	XBB.1.9.1
1076	exmpl260964	2023-09-12	XBB.2.3.11
1077	exmpl97279	2022-01-30	BA.1.1
1078	exmpl297614	2024-02-14	HK.3.10
1079	exmpl40238	2021-11-01	AY.122
1080	exmpl147327	2022-08-03	BA.5.2
1081	exmpl166339	2021-07-27	AY.122
1082	exmpl229300	2023-01-31	BT.2
1083	exmpl251291	2021-04-08	B.1.1.336
1084	exmpl68285	2022-01-10	AY.122
1085	exmpl165617	2022-09-11	BA.5.2
1086	exmpl61747	2022-01-04	AY.122
1087	exmpl20601	2021-07-25	AY.122
1088	exmpl154013	2022-08-15	BA.5.2.1
1089	exmpl122104	2022-03-10	BA.2
1090	exmpl154127	2022-08-03	BF.12
1091	exmpl237210	2023-04-01	XBB.1
1092	exmpl5321	2020-11-28	B.1.1.274
1093	exmpl268478	2023-10-13	HK.8
1094	exmpl45082	2020-10-28	B.1.1
1095	exmpl269218	2023-02-08	XBB.1.38.1
1096	exmpl176185	2022-09-21	BA.5.2
1097	exmpl173408	2022-08-03	BA.5.2
1098	exmpl141306	2022-07-05	BA.5.2.1
1099	exmpl101764	2022-01-20	BA.1.1
1100	exmpl158860	2022-08-29	BA.5.1.22
1101	exmpl136513	2022-05-18	BA.2
1102	exmpl213199	2022-12-04	BA.5.2.7
1103	exmpl277820	2023-10-16	XBB.1.16
1104	exmpl2258	2021-02-24	B.1.1.7
1105	exmpl198070	2022-11-04	BA.5.2
1106	exmpl148687	2022-08-08	BA.2
1107	exmpl258205	2023-08-07	FL.2.3
1108	exmpl80154	2022-01-20	BA.1.17.2
1109	exmpl2406	2021-02-25	B.1.1
1110	exmpl262763	2023-03-14	XBB.1.9.1
1111	exmpl113003	2022-02-20	BA.1.1
1112	exmpl7380	2020-10-15	B.1.1.397
1113	exmpl133569	2021-12-21	AY.122
1114	exmpl144043	2022-07-20	BA.5.1
1115	exmpl37001	2021-10-24	AY.122
1116	exmpl53941	2021-12-07	AY.122
1117	exmpl207981	2022-11-22	BA.5.2.21
1118	exmpl300341	2024-02-04	JN.1.4
1119	exmpl23138	2021-08-17	AY.122
1120	exmpl92795	2022-01-31	BA.1.1
1121	exmpl223057	2023-01-10	BA.5.2.28
1122	exmpl192367	2022-10-11	BA.5.2.60
1123	exmpl11577	2021-06-09	AY.122
1124	exmpl7223	2020-07-15	B.1.1
1125	exmpl34398	2021-10-24	AY.122
1126	exmpl56761	2021-08-17	AY.122
1127	exmpl250706	2021-02-08	B.1.1
1128	exmpl205635	2022-09-28	BA.5.2
1129	exmpl3923	2021-04-17	B.1.1
1130	exmpl217357	2021-01-01	B.1.1.294
1131	exmpl268943	2023-10-17	XBB.1.42
1132	exmpl299478	2024-03-20	JN.1
1133	exmpl208324	2022-11-05	BA.5.2.28
1134	exmpl203242	2022-11-21	BF.7
1135	exmpl40516	2021-11-24	AY.122
1136	exmpl104309	2022-02-11	BA.1.15
1137	exmpl149151	2022-08-02	BA.5.1.30
1138	exmpl228038	2023-02-27	XBB.1.9
1139	exmpl56869	2021-08-23	AY.122
1140	exmpl193992	2022-08-25	BA.5.2
1141	exmpl175979	2022-08-30	BA.5.2
1142	exmpl83523	2021-11-26	AY.122
1143	exmpl243442	2023-05-04	XBB.1.5
1144	exmpl245046	2023-03-30	XBB.1.5.24
1145	exmpl209226	2022-11-17	CL.1
1146	exmpl71673	2020-07-01	B.1.1
1147	exmpl93277	2022-02-01	BA.1.1
1148	exmpl59818	2022-01-01	AY.122
1149	exmpl169273	2022-08-19	BA.5.2
1150	exmpl69262	2022-01-13	BA.1.1
1151	exmpl139197	2022-02-06	BA.1.15
1152	exmpl196232	2022-09-16	BA.5.2
1153	exmpl23427	2021-08-23	AY.122
1154	exmpl238960	2023-04-06	XBB.1.37.1
1155	exmpl164389	2022-08-12	BA.5.2
1156	exmpl196055	2022-10-12	BA.5.2
1157	exmpl85807	2022-01-21	BA.1.1
1158	exmpl61983	2021-12-28	BA.1.15.1
1159	exmpl157212	2022-08-23	BA.5.2
1160	exmpl233586	2023-02-19	XBB.1
1161	exmpl191093	2022-09-16	BA.5.1.12
1162	exmpl146012	2022-07-27	BA.5.2.1
1163	exmpl292394	2024-01-16	FY.5
1164	exmpl29092	2021-09-28	AY.122
1165	exmpl189000	2022-10-11	BA.5.2
1166	exmpl228552	2023-02-28	XBB.1.9.3
1167	exmpl13658	2021-06-09	AY.122
1168	exmpl145714	2022-07-26	BA.5.2
1169	exmpl100019	2022-02-08	BA.1.15
1170	exmpl60331	2021-12-24	BA.1
1171	exmpl276962	2023-12-04	XBB.1.16.18
1172	exmpl195376	2022-10-01	BA.5.2
1173	exmpl60242	2021-12-06	AY.122
1174	exmpl265731	2023-08-30	XBB.1.9.1
1175	exmpl5391	2021-04-23	B.1.1.523
1176	exmpl42470	2021-03-12	B.1.1.189
1177	exmpl57434	2021-09-27	AY.122
1178	exmpl205583	2022-09-12	BA.5.2.20
1179	exmpl245770	2023-05-18	XBB.1.9.1
1180	exmpl26993	2021-06-23	AY.122
1181	exmpl188311	2022-09-14	BA.5.2
1182	exmpl82089	2022-01-24	B.1.1.529
1183	exmpl80193	2022-01-23	BA.1.1
1184	exmpl68000	2022-01-10	AY.122
1185	exmpl15049	2021-07-07	AY.122
1186	exmpl159296	2022-08-25	BA.5.2.20
1187	exmpl294530	2023-11-13	XBB.1.16.11
1188	exmpl11729	2020-06-22	B.1.1
1189	exmpl128607	2022-03-22	BA.2
1190	exmpl231435	2023-03-14	CA.7
1191	exmpl81993	2022-01-24	BA.1.14
1192	exmpl103416	2022-02-08	BA.1.1
1193	exmpl216287	2022-12-01	CL.1.2
1194	exmpl246621	2023-03-19	XBB.1.9.1
1195	exmpl204938	2022-11-21	CL.1.2
1196	exmpl259157	2023-02-21	XBB.1.5.12
1197	exmpl194230	2022-09-06	BA.5.2
1198	exmpl265236	2023-05-14	FL.4
1199	exmpl132449	2022-02-28	BA.2
1200	exmpl172064	2022-09-21	BA.5.2
1201	exmpl240815	2022-08-31	BA.5.2
1202	exmpl206904	2022-11-07	BA.5.2
1203	exmpl148361	2022-07-29	BA.5.2
1204	exmpl221075	2023-02-01	XBB.1
1205	exmpl191427	2022-09-27	BA.5.2.20
1206	exmpl207126	2022-11-21	BA.5.2.1
1207	exmpl236354	2023-03-29	XBB.1.9.1
1208	exmpl100749	2022-02-07	BA.1.1
1209	exmpl263515	2023-04-10	XBB.1.9.1
1210	exmpl200336	2022-11-07	BA.5.2.7
1211	exmpl201304	2022-11-15	BA.5.2.33
1212	exmpl103052	2022-02-04	BA.1.1
1213	exmpl154654	2022-07-26	BA.5.2
1214	exmpl72812	2022-01-11	AY.122
1215	exmpl139702	2022-05-16	BA.2
1216	exmpl222578	2022-12-27	XBB.1
1217	exmpl156466	2022-08-23	BA.5.2
1218	exmpl210114	2022-12-05	BA.5.2
1219	exmpl79986	2022-01-20	B.1.1.529
1220	exmpl175196	2022-08-10	BF.1
1221	exmpl210214	2022-11-28	CL.1
1222	exmpl253278	2020-11-04	B.1.1.317
1223	exmpl165759	2022-09-07	BA.5.2.20
1224	exmpl155832	2022-07-07	BA.5.2.1
1225	exmpl215460	2022-09-15	BA.5.2
1226	exmpl56702	2021-08-06	AY.122
1227	exmpl225353	2023-02-07	XBB.1.9
1228	exmpl267035	2023-09-26	XBB.1.16.6
1229	exmpl94952	2022-01-30	BA.1.1
1230	exmpl158123	2022-08-29	BA.5.2
1231	exmpl261482	2023-06-15	FL.17.1
1232	exmpl272337	2023-09-28	GE.1
1233	exmpl167818	2022-09-14	BA.5.2.16
1234	exmpl8629	2021-05-03	B.1.1.523
1235	exmpl224664	2022-12-14	BQ.1.23
1236	exmpl145962	2022-07-24	BA.5.3.1
1237	exmpl110883	2022-02-17	B.1.1.529
1238	exmpl5886	2021-01-06	B.1.1.407
1239	exmpl269911	2023-09-06	GE.1
1240	exmpl89619	2022-01-29	BA.1.1
1241	exmpl266269	2023-09-28	XBB.1.16.11
1242	exmpl11505	2021-06-08	AY.122
1243	exmpl94155	2022-02-03	B.1.1.529
1244	exmpl158068	2022-08-29	BA.2.75
1245	exmpl251440	2021-12-06	AY.122
1246	exmpl194176	2022-09-20	BA.5.2
1247	exmpl282185	2023-12-11	XBB.1.16.6
1248	exmpl62240	2022-01-08	AY.127
1249	exmpl230521	2023-01-09	XBB.1.9.5
1250	exmpl61297	2022-01-04	BA.1.1
1251	exmpl258583	2023-06-14	XBB.1.5.24
1252	exmpl60717	2021-12-31	AY.126
1253	exmpl51038	2021-11-16	AY.122
1254	exmpl223924	2023-02-06	XBB
1255	exmpl54961	2021-12-12	AY.122
1256	exmpl284205	2023-11-20	XBB.1.16
1257	exmpl51973	2021-10-25	AY.122
1258	exmpl266167	2023-09-21	EG.5.1
1259	exmpl172690	2022-04-08	BA.5.5
1260	exmpl141350	2022-07-06	BA.5.2
1261	exmpl43745	2021-11-09	AY.122
1262	exmpl282335	2023-12-22	JN.1
1263	exmpl48394	2021-11-15	AY.122
1264	exmpl200448	2022-11-11	BA.5.2.7
1265	exmpl192151	2022-10-24	BA.5.1
1266	exmpl28700	2021-05-25	AY.122
1267	exmpl173461	2022-08-16	BA.5.2
1268	exmpl103646	2022-02-09	BA.1.1
1269	exmpl121133	2022-03-03	BA.1.1
1270	exmpl128235	2022-04-05	BA.2.10
1271	exmpl211690	2022-11-24	BT.2
1272	exmpl235054	2023-02-01	CL.1
1273	exmpl248729	2021-11-23	B.1.617.2
1274	exmpl19999	2021-07-28	AY.122
1275	exmpl256805	2023-03-13	XBB.1.38
1276	exmpl124616	2022-03-21	BA.1
1277	exmpl54941	2021-12-12	AY.122
1278	exmpl192469	2022-01-23	BA.1
1279	exmpl262621	2023-03-12	XBB.1.9.5
1280	exmpl225010	2022-11-28	CL.1
1281	exmpl34180	2021-09-08	AY.122
1282	exmpl262913	2023-03-18	XBB.1.9.1
1283	exmpl143687	2022-07-09	BE.1.1
1284	exmpl279472	2023-12-04	XBB.1.16
1285	exmpl155872	2022-07-19	BA.5.2
1286	exmpl85	2020-11-09	B.1
1287	exmpl265733	2023-09-01	FL.24
1288	exmpl202229	2022-08-25	BA.5.2.1
1289	exmpl233116	2023-03-14	XBB
1290	exmpl99454	2022-02-01	BA.1.18
1291	exmpl249967	2021-09-17	AY.122
1292	exmpl51139	2021-12-14	B.1.617.2
1293	exmpl265045	2023-05-10	EG.1
1294	exmpl153174	2022-08-10	BA.5.2
1295	exmpl250452	2021-08-02	AY.122
1296	exmpl3751	2021-04-07	B.1.1.7
1297	exmpl251669	2021-10-01	AY.122
1298	exmpl24256	2021-08-31	AY.122
1299	exmpl117991	2022-02-26	BA.1.1
1300	exmpl140361	2022-06-28	BA.2
1301	exmpl86699	2022-01-27	B.1.1.529
1302	exmpl64421	2022-01-08	BA.1.1
1303	exmpl211992	2022-12-05	XBB.1
1304	exmpl251317	2021-04-08	AT.1
1305	exmpl182280	2022-09-08	BA.5.2
1306	exmpl64285	2022-01-07	AY.122
1307	exmpl89448	2022-01-29	BA.2
1308	exmpl186992	2022-09-07	BA.5.2.20
1309	exmpl259767	2023-09-04	XBB.1.16
1310	exmpl224679	2022-12-13	BA.5.2
1311	exmpl264439	2023-04-25	XBB.1.9.1
1312	exmpl271973	2023-10-31	FU.1
1313	exmpl241072	2023-04-24	EG.13
1314	exmpl293251	2024-01-24	JN.1
1315	exmpl222502	2022-12-25	CL.1
1316	exmpl6880	2021-03-09	B.1.1.317
1317	exmpl158659	2022-08-04	BA.5.2.1
1318	exmpl103428	2022-02-08	B.1.1.529
1319	exmpl251245	2021-08-24	AY.122
1320	exmpl39465	2021-11-17	AY.122
1321	exmpl208173	2022-11-08	BA.5.2
1322	exmpl209355	2022-12-05	BA.5.2
1323	exmpl60286	2021-12-06	AY.122
1324	exmpl235677	2023-03-21	B.1.1.529
1325	exmpl120805	2022-01-31	BA.1.1
1326	exmpl199851	2022-09-20	BA.5.2
1327	exmpl62384	2022-01-09	AY.122
1328	exmpl95771	2022-02-03	BA.1.1
1329	exmpl172714	2022-08-24	BA.5.2
1330	exmpl148933	2022-07-30	BA.5.2
1331	exmpl196021	2022-10-31	CL.1
1332	exmpl69551	2022-01-13	BA.1.1
1333	exmpl92527	2022-02-02	B.1.1.529
1334	exmpl86627	2022-01-29	BA.1
1335	exmpl4058	2021-04-12	B.1.1.523
1336	exmpl201351	2022-08-17	BA.5.2
1337	exmpl59075	2021-12-29	AY.122
1338	exmpl43766	2021-11-09	AY.122
1339	exmpl185482	2022-09-12	BA.5.2
1340	exmpl245917	2023-05-16	EG.2
1341	exmpl14139	2021-06-12	AY.122
1342	exmpl200853	2022-09-26	BA.5.2
1343	exmpl246702	2023-04-26	XBB.1.9.1
1344	exmpl126720	2021-12-06	AY.122
1345	exmpl243649	2023-05-08	EG.1
1346	exmpl188906	2022-09-20	BA.5.2.21
1347	exmpl60347	2021-12-24	AY.4
1348	exmpl214981	2022-12-21	BA.5.2.32
1349	exmpl257508	2023-04-23	FL.24
1350	exmpl274057	2023-11-16	XBB.1.16.17
1351	exmpl62222	2022-01-08	AY.122
1352	exmpl45081	2020-10-27	B.1.1
1353	exmpl138448	2022-05-29	BA.2
1354	exmpl205069	2022-11-22	BA.5.2
1355	exmpl73210	2022-01-20	AY.122
1356	exmpl266157	2023-09-21	XBB.1.16
1357	exmpl242238	2023-02-21	XBB.1.37.1
1358	exmpl68905	2022-01-13	BA.1.17.2
1359	exmpl44067	2021-10-26	AY.122
1360	exmpl201733	2022-10-06	BA.4.6
1361	exmpl36954	2021-10-20	AY.122
1362	exmpl68188	2022-01-12	B.1.1.529
1363	exmpl91256	2022-01-27	BA.1.1
1364	exmpl115182	2022-02-16	BA.2
1365	exmpl43596	2021-12-06	AY.122
1366	exmpl40558	2021-11-22	AY.122
1367	exmpl220889	2023-01-30	BQ.1.23
1368	exmpl144201	2022-07-18	BA.5.2
1369	exmpl137516	2022-06-14	BA.2
1370	exmpl61056	2022-01-05	AY.122
1371	exmpl200565	2022-11-15	CL.1
1372	exmpl292736	2023-12-24	BA.2.86.1
1373	exmpl196095	2022-10-11	BA.5.2
1374	exmpl66579	2022-01-04	B.1.617.2
1375	exmpl99177	2022-02-07	BA.1
1376	exmpl24019	2021-08-27	AY.122
1377	exmpl263818	2023-04-19	XBB.1.9.1
1378	exmpl279533	2023-11-28	XBB.1.16
1379	exmpl170336	2022-09-19	BA.5.2
1380	exmpl7809	2021-03-23	B.1.1.317
1381	exmpl273165	2023-11-07	XBB.1.16
1382	exmpl216367	2022-12-05	CL.1
1383	exmpl34534	2021-10-14	AY.122
1384	exmpl115486	2022-02-24	BA.1.1
1385	exmpl103454	2022-02-08	BA.1.15
1386	exmpl209549	2022-11-23	BA.5.2
1387	exmpl4837	2021-05-13	B.1.351
1388	exmpl83542	2021-12-10	AY.122
1389	exmpl249094	2021-11-23	B.1.1.523
1390	exmpl271476	2023-11-04	FL.24
1391	exmpl96102	2022-02-01	BA.1.17.2
1392	exmpl77554	2022-01-21	BA.1
1393	exmpl247801	2021-04-15	B.1.1.525
1394	exmpl5085	2021-04-28	B.1.1.336
1395	exmpl128568	2022-03-22	BA.2
1396	exmpl110679	2022-02-14	BA.2
1397	exmpl279068	2023-12-09	GE.1
1398	exmpl242446	2023-03-09	XBB.1.14.1
1399	exmpl273369	2023-10-09	XBB.1.9.1
1400	exmpl119701	2022-02-14	BA.1
1401	exmpl167724	2022-09-09	BA.5.2
1402	exmpl264483	2023-04-26	XBB.1.9.1
1403	exmpl292923	2024-01-21	XBB.1.16.6
1404	exmpl42490	2021-11-29	AY.122
1405	exmpl61535	2022-01-06	AY.122
1406	exmpl72899	2022-01-17	AY.122
1407	exmpl11829	2020-07-01	B.1.1
1408	exmpl272468	2023-10-09	EG.5.1.1
1409	exmpl280611	2023-12-04	XBB.1.16
1410	exmpl228726	2023-02-21	CK.1
1411	exmpl264649	2023-04-28	XBB.1.9.1
1412	exmpl48312	2021-09-26	AY.122
1413	exmpl234376	2023-03-27	XBB.1.9
1414	exmpl56665	2021-08-06	AY.122
1415	exmpl116883	2022-02-13	BA.1.1
1416	exmpl108768	2021-12-19	AY.122
1417	exmpl233235	2023-03-19	XBB.1.5
1418	exmpl261902	2023-07-19	FL.24
1419	exmpl23868	2021-08-23	AY.122
1420	exmpl248907	2021-06-04	B.1.1.524
1421	exmpl75606	2022-01-14	BA.1.1
1422	exmpl171004	2022-08-18	BA.5.2
1423	exmpl66128	2022-01-13	B.1.617.2
1424	exmpl297458	2024-02-02	JN.1.4
1425	exmpl43803	2021-11-07	AY.122
1426	exmpl115950	2022-02-05	BA.1.1
1427	exmpl271327	2023-11-04	FL.1.5.1
1428	exmpl7568	2020-09-29	B.1.1
1429	exmpl92008	2022-01-11	BA.1
1430	exmpl213562	2022-10-08	BA.5.2
1431	exmpl86024	2022-01-27	BA.1.1
1432	exmpl177468	2022-08-22	BA.5.2.21
1433	exmpl258342	2023-05-24	XBB.1.9.2
1434	exmpl280010	2023-11-19	XBB.1.16.11
1435	exmpl145877	2022-07-25	BF.5
1436	exmpl263454	2023-04-09	FL.5
1437	exmpl191488	2022-09-21	BA.5.2.18
1438	exmpl6307	2020-06-17	B.1.1
1439	exmpl148821	2022-07-29	BA.5.2
1440	exmpl115193	2022-01-12	BA.1.1
1441	exmpl51843	2021-10-19	AY.122
1442	exmpl78165	2022-01-17	AY.122
1443	exmpl49020	2021-12-20	AY.122
1444	exmpl69602	2022-01-16	B.1.1.529
1445	exmpl114317	2022-02-21	BA.1.1
1446	exmpl172332	2022-09-01	BA.5.2
1447	exmpl270726	2023-11-01	XBB.1.16.11
1448	exmpl146374	2022-08-01	BA.5.2
1449	exmpl245568	2023-03-24	XBB.1.5.24
1450	exmpl191970	2022-10-18	BE.1.1
1451	exmpl110107	2021-12-27	AY.122
1452	exmpl175095	2022-08-17	BA.5.2
1453	exmpl159395	2022-08-29	BA.5.2
1454	exmpl98489	2022-01-31	BA.1.1
1455	exmpl63866	2022-01-04	AY.122
1456	exmpl182192	2022-09-07	BA.5.2
1457	exmpl281053	2023-12-20	XBB.1.16.13
1458	exmpl130241	2022-02-12	BA.1.1
1459	exmpl68685	2022-01-12	BA.1
1460	exmpl296701	2024-02-24	JN.1
1461	exmpl161366	2022-08-08	BA.5.5
1462	exmpl138280	2022-06-14	BA.2
1463	exmpl244606	2023-02-17	CM.8.1
1464	exmpl218244	2022-12-30	CL.1
1465	exmpl211949	2022-12-05	BA.5.2.7
1466	exmpl232018	2023-01-23	BA.5.2
1467	exmpl7013	2021-02-17	B.1.1.397
1468	exmpl252675	2021-03-01	B.1.351
1469	exmpl231188	2023-03-13	XBB.1.9.1
1470	exmpl188426	2022-09-01	BA.5.2.20
1471	exmpl9234	2021-06-02	AY.122
1472	exmpl109474	2021-12-18	AY.122
1473	exmpl262767	2023-03-15	XBB.1.9.3
1474	exmpl273457	2023-11-09	XBB.1.16
1475	exmpl19671	2021-06-11	AY.122
1476	exmpl197217	2022-08-17	BA.5.2
1477	exmpl246710	2023-04-22	EG.13
1478	exmpl221909	2022-10-11	BA.5.2
1479	exmpl261513	2023-06-16	XBB.1.9.1
1480	exmpl37542	2021-10-15	AY.122
1481	exmpl229627	2023-03-06	XBB.1
1482	exmpl279825	2023-12-05	FL.1.5.1
1483	exmpl99333	2022-02-07	BA.1.1
1484	exmpl268141	2023-10-17	XBB.2.3
1485	exmpl79863	2022-01-20	BA.1.1
1486	exmpl73312	2022-01-18	BA.1
1487	exmpl142153	2022-07-11	BA.2
1488	exmpl239208	2023-02-11	BN.1
1489	exmpl223680	2023-02-03	BF.7.6
1490	exmpl184877	2022-09-09	BA.5.2
1491	exmpl235334	2023-02-12	XBB.2.9
1492	exmpl142195	2022-07-06	BA.2
1493	exmpl166227	2022-08-01	BA.2.10
1494	exmpl179108	2022-09-25	BA.5.2
1495	exmpl57124	2021-08-31	AY.122
1496	exmpl144691		BA.5.2
1497	exmpl13252	2021-06-21	B.1.617.2
1498	exmpl192706	2022-01-08	BA.1
1499	exmpl40470	2021-09-07	AY.122
1500	exmpl3004	2021-03-25	B.1.1.523
1501	exmpl164886	2022-06-28	BA.2
1502	exmpl201481	2022-08-10	BA.5.2
1503	exmpl142787	2022-07-12	BA.5.2
1504	exmpl275855	2023-11-21	FL.1.5.1
1505	exmpl242833	2023-04-30	XBB.1.9.1
1506	exmpl245267	2023-04-07	FL.4
1507	exmpl117521	2022-02-26	BA.1.15
1508	exmpl108994	2021-12-17	AY.122
1509	exmpl264884	2023-05-07	XBB.2.3
1510	exmpl231259	2023-03-01	XBB.1.9.1
1511	exmpl231831	2023-03-09	XBB.2.9
1512	exmpl103123	2022-02-10	BA.1.1
1513	exmpl88804	2022-01-28	BA.1.14
1514	exmpl157282	2022-08-21	BA.5.2
1515	exmpl44079	2021-10-25	AY.122
1516	exmpl234716	2023-02-26	XBB.1
1517	exmpl273392	2023-08-31	XBB.1.42.1
1518	exmpl278129	2023-09-30	XBB.1.9.1
1519	exmpl225974	2023-02-14	XBB.1.13
1520	exmpl192474	2022-01-23	BA.1.1
1521	exmpl191910	2022-10-18	BA.5.2
1522	exmpl183086	2022-09-13	BA.5.2
1523	exmpl111183	2022-02-12	BA.1.15
1524	exmpl49448	2021-11-19	AY.122
1525	exmpl254807	2023-05-23	XBB.1.9.1
1526	exmpl229549	2023-02-28	XBB.1.5.24
1527	exmpl59119	2021-12-30	AY.122
1528	exmpl173886	2022-08-24	BA.5.2
1529	exmpl29316	2021-09-06	AY.122
1530	exmpl228020	2023-02-09	XBB.2
1531	exmpl162241	2022-08-13	BA.5.2.1
1532	exmpl293742	2024-01-30	BA.2.86.1
1533	exmpl200152	2022-10-14	BA.5.2.1
1534	exmpl81191	2022-01-18	B.1.617.2
1535	exmpl211104	2022-10-28	BA.5.2
1536	exmpl165028	2022-08-02	BA.5.2
1537	exmpl95856	2022-02-04	BA.1.1
1538	exmpl19395	2021-06-28	B.1.617.2
1539	exmpl159541	2022-08-26	BA.5.2
1540	exmpl241273	2023-04-17	CH.1.1.11
1541	exmpl261412	2023-06-08	FL.24
1542	exmpl164782	2022-08-16	BA.5.2.21
1543	exmpl127538	2022-03-31	BA.2
1544	exmpl79500	2022-01-23	BA.1.17.2
1545	exmpl241681	2023-03-15	XBB.1.9.1
1546	exmpl231869	2023-03-09	XBB.2.9
1547	exmpl255886	2023-05-14	XBB.1.9.1
1548	exmpl58762	2021-12-28	AY.122
1549	exmpl154685	2022-07-26	BA.5.2
1550	exmpl19789	2021-06-15	AY.122
1551	exmpl227054	2023-02-14	XBB.1.9
1552	exmpl231575	2023-03-13	XBB
1553	exmpl176661	2022-08-17	BA.5.2
1554	exmpl255621	2023-03-16	XBB.3.4
1555	exmpl124942	2022-03-14	BA.2
1556	exmpl158706	2022-08-24	BA.5.2
1557	exmpl295157	2024-02-21	JN.1
1558	exmpl174128	2022-08-22	BE.1.3
1559	exmpl83896	2022-01-18	BA.1
1560	exmpl257000	2023-07-03	XBB.1.9.1
1561	exmpl78380	2022-01-18	BA.1.1
1562	exmpl80836	2022-01-24	B.1.1.529
1563	exmpl76597	2022-01-22	BA.1.15
1564	exmpl270035	2023-09-28	XBB.1.9
1565	exmpl21739	2021-08-03	AY.122
1566	exmpl77298	2022-01-24	AY.122
1567	exmpl112205	2022-02-12	BA.1.1
1568	exmpl172304	2022-09-17	BA.5.2
1569	exmpl204708	2022-11-21	BA.5.2
1570	exmpl86362	2022-01-27	BA.1.1
1571	exmpl57800	2021-11-04	AY.46
1572	exmpl235931	2023-03-15	XBB.1.9.4
1573	exmpl251504	2021-12-06	AY.122
1574	exmpl174048	2022-08-12	BA.5.2
1575	exmpl151203	2022-07-26	BA.5
1576	exmpl192801	2022-01-16	BA.1.1
1577	exmpl128048	2022-04-01	BA.2
1578	exmpl55796	2021-12-20	AY.122
1579	exmpl66888	2022-01-13	AY.122
1580	exmpl181595	2022-10-04	BE.1
1581	exmpl262090	2023-03-01	XBB.1.9.1
1582	exmpl173076	2022-08-15	BA.5.2.1
1583	exmpl22277	2021-08-09	AY.122
1584	exmpl261975	2023-09-17	HK.3
1585	exmpl11239	2021-05-31	AY.122
1586	exmpl115496	2022-02-11	BA.1.1
1587	exmpl215612	2022-12-04	BA.5.2
1588	exmpl185673	2022-09-08	BA.5.2
1589	exmpl64582	2022-01-08	BA.1.1
1590	exmpl252254	2021-07-27	AY.122
1591	exmpl198464	2022-09-21	BA.5.2
1592	exmpl4925	2021-04-22	B.1.1.317
1593	exmpl88016	2022-01-25	BA.1.1
1594	exmpl118256	2022-02-20	BA.2
1595	exmpl127107	2022-01-27	BA.1.1.1
1596	exmpl215255	2022-11-21	BU.1
1597	exmpl295407	2024-02-13	JN.1.1
1598	exmpl30664	2021-10-04	AY.122
1599	exmpl268531	2023-10-21	XBB.1.9.1
1600	exmpl245215	2023-04-13	XBB.2.9
1601	exmpl35173	2021-10-26	B.1.617.2
1602	exmpl148342	2022-07-29	BA.5.3.1
1603	exmpl235168	2023-01-30	CL.1
1604	exmpl151727	2022-08-15	BA.5.2
1605	exmpl147662	2022-07-28	B.1.1.529
1606	exmpl143695	2022-07-09	BA.5.2
1607	exmpl196909	2022-08-12	BA.5.2
1608	exmpl57985	2021-11-11	AY.122
1609	exmpl157182	2022-08-21	BA.5.2.1
1610	exmpl127039	2022-01-20	BA.1
1611	exmpl168771	2022-08-03	BA.5.2
1612	exmpl269224	2023-10-15	XBB.1.16
1613	exmpl257785	2022-02-14	BA.1.1
1614	exmpl102296	2022-02-07	BA.2
1615	exmpl87720	2022-01-27	BA.2
1616	exmpl88447	2022-01-29	BA.1.1
1617	exmpl126020	2022-03-25	BA.2
1618	exmpl176966	2022-09-25	BF.7
1619	exmpl124439	2022-03-18	BA.2
1620	exmpl76285	2022-01-21	BA.1.1
1621	exmpl101056	2022-02-06	BA.1.17.2
1622	exmpl246456	2022-11-13	BA.5.2
1623	exmpl243834	2023-05-05	XBB.1.5
1624	exmpl97111	2022-01-12	AY.4.2.3
1625	exmpl59496	2021-12-21	B.1.617.2
1626	exmpl51410	2021-12-22	AY.122
1627	exmpl68658	2022-01-12	AY.122
1628	exmpl1745	2020-12-16	B.1.1
1629	exmpl77674	2022-01-19	BA.1.1
1630	exmpl58486	2021-12-07	AY.122
1631	exmpl47771	2020-11-05	B
1632	exmpl273978	2021-01-04	B.1.1
1633	exmpl154068	2022-08-21	BF.5
1634	exmpl69061	2022-01-13	AY.122
1635	exmpl182361	2022-10-03	BA.5.1
1636	exmpl7938	2020-05-28	B.1.1
1637	exmpl80838	2022-01-24	BA.1.1
1638	exmpl39273	2021-11-03	AY.122
1639	exmpl53051	2021-12-05	AY.122
1640	exmpl142753	2022-07-12	BA.2
1641	exmpl271978	2023-10-31	EG.5.1.1
1642	exmpl215407	2022-10-11	BA.5.2.32
1643	exmpl247603	2021-12-10	BA.1.17.2
1644	exmpl264240	2023-04-20	XBB.1.9.1
1645	exmpl223313	2023-01-19	XBB.1.4
1646	exmpl266914	2023-10-05	XBB.1.42
1647	exmpl184631	2022-09-29	BA.5.2
1648	exmpl6018	2021-02-21	B.1.1.397
1649	exmpl249923	2021-04-01	B.1.351
1650	exmpl92636	2022-01-31	BA.1.1
1651	exmpl243038	2023-05-02	XBB.1.9.1
1652	exmpl204609	2022-11-16	BA.5.2
1653	exmpl105805	2022-02-04	BA.1.1
1654	exmpl216768	2022-12-13	CL.1
1655	exmpl153339	2022-08-12	BA.5.2
1656	exmpl115018	2022-02-22	BA.1.1
1657	exmpl232112	2023-03-13	CL.1.2
1658	exmpl284229	2023-11-21	FL.1.5.1
1659	exmpl145994	2022-07-26	BA.5.2
1660	exmpl213831	2022-08-24	BA.5.2
1661	exmpl51601	2020-10-21	B.1.1.407
1662	exmpl67263	2022-01-11	AY.122
1663	exmpl172296	2022-09-20	BA.2
1664	exmpl101063	2022-02-08	BA.2.9
1665	exmpl93990	2022-01-26	BA.1.15
1666	exmpl97242	2022-01-28	BA.1.1
1667	exmpl266790	2023-10-03	XBB.1.42.1
1668	exmpl93660	2022-02-02	BA.1.1
1669	exmpl171022	2022-08-15	BA.5.6
1670	exmpl200622	2022-09-21	BA.5.2
1671	exmpl252763	2021-03-01	B.1.1.141
1672	exmpl206143	2022-11-08	CL.1
1673	exmpl256796	2022-12-06	BA.5.2.61
1674	exmpl242127	2023-02-16	XBB.1.5.24
1675	exmpl8923	2021-05-17	AY.122
1676	exmpl235803	2023-03-28	XBB.1
1677	exmpl5000	2021-04-17	B.1.1.523
1678	exmpl108454	2022-02-15	BA.1.1
1679	exmpl4809	2021-03-06	B.1.1.7
1680	exmpl128250	2022-04-05	BA.2.9
1681	exmpl125532	2022-03-25	BA.2
1682	exmpl163334	2022-09-02	BA.5.2
1683	exmpl55786	2021-12-20	AY.122
1684	exmpl207486	2022-09-15	BF.36
1685	exmpl102410	2022-02-07	BA.1.1
1686	exmpl174551	2022-08-29	BA.5.2
1687	exmpl110943	2022-02-17	BA.2
1688	exmpl84016	2022-01-25	BA.1.1
1689	exmpl217390	2022-12-27	CL.1
1690	exmpl268743	2023-04-12	BQ.1.23
1691	exmpl135181	2022-05-24	BA.2
1692	exmpl133511	2022-03-15	BA.2
1693	exmpl291809	2023-10-06	XBB.1.42.1
1694	exmpl183777	2022-08-24	BA.5.2
1695	exmpl272689	2023-10-10	FL.24
1696	exmpl161032	2022-08-26	BA.5.2.18
1697	exmpl53892	2021-12-07	AY.122
1698	exmpl20669	2021-07-28	AY.122
1699	exmpl23326	2021-07-27	AY.122
1700	exmpl165209	2022-08-01	BA.5.2
1701	exmpl58480	2021-12-02	AY.122
1702	exmpl263388	2023-04-07	XBB.1.43.1
1703	exmpl65220	2022-01-12	B.1.617.2
1704	exmpl117293	2022-02-21	B.1.1.529
1705	exmpl114491	2022-02-18	BA.2
1706	exmpl57403	2021-09-26	AY.42
1707	exmpl278070	2023-10-09	XBB.1.9.1
1708	exmpl33416	2021-10-18	AY.122
1709	exmpl187937	2022-08-08	BA.4
1710	exmpl58034	2021-12-20	Unassigned
1711	exmpl184017	2022-09-02	BA.5.1.22
1712	exmpl63368	2022-01-10	BA.1
1713	exmpl155491	2022-08-23	BA.5.2
1714	exmpl64896	2022-01-09	AY.122
1715	exmpl104831	2022-01-19	BA.1.1
1716	exmpl264527	2023-04-26	XBB.1.5.24
1717	exmpl134894	2022-05-23	BA.2
1718	exmpl196969	2022-08-15	BA.5.2
1719	exmpl203009	2022-10-24	BA.5.2.24
1720	exmpl251836	2021-12-01	AY.122
1721	exmpl249630	2021-10-06	AY.122
1722	exmpl250070	2021-09-17	AY.126
1723	exmpl217433	2022-08-29	BF.1
1724	exmpl152168	2022-07-23	BA.5.2
1725	exmpl92295	2022-01-31	BA.1.1
1726	exmpl55076	2021-12-21	AY.127
1727	exmpl222949	2023-01-05	XBB.1
1728	exmpl131601	2022-03-28	BA.2
1729	exmpl57052	2021-08-31	AY.122
1730	exmpl245729	2022-09-08	BA.5.1
1731	exmpl82320	2022-01-24	B.1.1.529
1732	exmpl248578	2021-01-14	B.1
1733	exmpl227120	2023-02-20	BA.2
1734	exmpl54843	2021-12-11	AY.122
1735	exmpl12139	2021-06-25	AY.122
1736	exmpl247809	2021-04-15	B.1.1.317
1737	exmpl217373	2022-03-23	BA.2
1738	exmpl209754	2022-12-06	CL.1
1739	exmpl173442	2022-08-08	BA.5.2.20
1740	exmpl134849	2022-05-23	BA.2
1741	exmpl121988	2022-03-10	BA.2
1742	exmpl53957	2021-12-07	AY.122
1743	exmpl229764	2022-07-20	BA.5.2
1744	exmpl250934	2021-04-16	B.1.1
1745	exmpl65202	2022-01-13	BA.1
1746	exmpl262850	2023-03-17	XBB.1.9.1
1747	exmpl142043	2022-07-11	BE.1
1748	exmpl161420	2022-09-01	BA.5.2
1749	exmpl233976	2023-03-27	XBB.1.5
1750	exmpl120510	2022-03-01	BA.2
1751	exmpl52088	2021-10-28	AY.122
1752	exmpl235506	2023-03-28	XBB.1.9.1
1753	exmpl261257	2023-06-01	FL.14
1754	exmpl146465	2022-08-02	BA.5.2.1
1755	exmpl111570	2022-02-01	BA.1.1
1756	exmpl32904	2021-10-17	AY.122
1757	exmpl141062	2022-06-28	BA.5.6
1758	exmpl185255	2022-09-07	BA.5.2
1759	exmpl246676	2023-03-25	XBB.1.9.3
1760	exmpl235524	2023-03-27	XBB.1.9.1
1761	exmpl230985	2023-03-03	XBB.1.5
1762	exmpl147673	2022-08-01	B.1.1.529
1763	exmpl139827	2022-04-09	BA.2
1764	exmpl96553	2022-02-06	BA.1.1
1765	exmpl230540	2022-12-28	XBB.1
1766	exmpl212970	2022-12-13	CL.1.2
1767	exmpl215630	2022-12-05	CL.1.2
1768	exmpl178144	2022-08-09	BA.5.2
1769	exmpl109459	2021-12-18	AY.122
1770	exmpl256884	2023-05-22	FL.14
1771	exmpl233376	2023-03-16	XBB.1.5.24
1772	exmpl94118	2022-02-04	BA.2
1773	exmpl171063	2022-08-06	BA.5.2
1774	exmpl292158	2023-11-15	XBB.1.9.1
1775	exmpl284235	2023-11-21	FL.1.5.1
1776	exmpl252772	2020-11-12	B.1.1
1777	exmpl262542	2023-03-11	XBB.1.9.1
1778	exmpl218197	2022-12-26	B.1.1.529
1779	exmpl35587	2021-11-01	AY.121
1780	exmpl96270	2022-01-25	BA.1.17.2
1781	exmpl268914	2023-10-22	XBB.1.16
1782	exmpl237952	2023-03-16	XBB.1.9.1
1783	exmpl259014	2023-08-22	XBB.2.3.12
1784	exmpl199407	2022-10-24	BA.5.2
1785	exmpl116803	2022-02-24	BA.1.1
1786	exmpl233094	2023-03-20	FL.3
1787	exmpl241383	2023-03-09	CA.7
1788	exmpl29803	2021-09-27	AY.122
1789	exmpl294793	2024-02-13	XDA
1790	exmpl141594	2021-12-23	AY.122
1791	exmpl162787	2022-08-20	BA.5.2
1792	exmpl262311	2023-03-05	XBB.1.9
1793	exmpl272995	2023-10-30	EG.5.1.1
1794	exmpl63909	2022-01-11	B.1.617.2
1795	exmpl28729	2021-06-25	AY.122
1796	exmpl175223	2022-08-19	BA.5.1
1797	exmpl224445	2023-02-07	XBB.1.9
1798	exmpl66811	2022-01-12	B.1.1.529
1799	exmpl236418	2023-04-03	XBB.1.9.1
1800	exmpl175970	2022-08-30	BA.5.2.32
1801	exmpl69179	2022-01-15	AY.122
1802	exmpl265765	2023-07-27	XBB.1.9.1
1803	exmpl51408	2021-12-22	AY.122
1804	exmpl101753	2022-01-20	BA.1.1
1805	exmpl241032	2023-04-24	XBB.1.5.24
1806	exmpl217097	2022-12-24	XBB
1807	exmpl79925	2022-01-25	AY.122
1808	exmpl243017	2023-05-02	XBB.1.13
1809	exmpl266382	2023-09-28	FL.24
1810	exmpl55332	2021-12-02	AY.122
1811	exmpl271649	2023-11-07	XBB.1.16.11
1812	exmpl191581	2022-09-15	BA.5.2.20
1813	exmpl293667	2024-01-30	JN.1
1814	exmpl81491	2022-01-25	BA.1.1
1815	exmpl195364	2022-09-12	BA.5.2
1816	exmpl270516	2023-10-23	FL.10.1
1817	exmpl173017	2022-08-16	BA.5.2
1818	exmpl88674	2022-01-28	BA.1.1
1819	exmpl16848	2021-06-12	AY.122
1820	exmpl174890	2022-08-08	BA.5.2
1821	exmpl209540	2022-11-21	BQ.1.1.28
1822	exmpl82702	2022-01-24	AY.122
1823	exmpl227468	2023-02-16	FL.14
1824	exmpl141924	2022-02-08	BA.1.1
1825	exmpl246276	2023-03-29	XBB.1.9.1
1826	exmpl262635	2023-03-10	XBB.1.9.1
1827	exmpl249333	2021-05-01	B.1.1.7
1828	exmpl275641	2023-11-23	XBB.1.5.12
1829	exmpl40300	2021-08-03	AY.122
1830	exmpl267385	2023-10-06	FL.1.5.1
1831	exmpl140455	2022-07-06	BA.2
1832	exmpl112451	2022-02-18	BA.1.1
1833	exmpl32863	2021-10-15	AY.122
1834	exmpl57114	2021-08-31	AY.122
1835	exmpl28076	2021-09-13	B.1.617.2
1836	exmpl157415	2022-07-29	BA.5.2.20
1837	exmpl183016	2022-09-12	BA.5
1838	exmpl16837	2021-06-12	AY.122
1839	exmpl13400	2020-11-23	B.1.1.317
1840	exmpl148824	2022-07-29	BA.5.2
1841	exmpl272082	2023-10-23	XBB.1.16
1842	exmpl113512	2022-02-11	BA.1.1
1843	exmpl24136	2021-08-31	AY.122
1844	exmpl273246	2022-09-02	BA.5.2
1845	exmpl46607	2021-10-04	B.1.617.2
1846	exmpl172540	2022-08-18	BA.5.2
1847	exmpl83586	2022-01-24	BA.1.1
1848	exmpl245664	2023-05-15	BA.2.10.1
1849	exmpl20437	2021-08-03	AY.122
1850	exmpl235721	2023-03-26	XBB.1.5
1851	exmpl198305	2022-11-03	BA.5.2.28
1852	exmpl56151	2021-11-14	AY.122
1853	exmpl227045	2023-02-20	XBB.1.37.1
1854	exmpl27567	2021-07-26	B.1.617.2
1855	exmpl36254	2021-10-18	AY.122
1856	exmpl209561	2022-11-21	BQ.1.5
1857	exmpl212571	2022-11-24	BA.5.2
1858	exmpl159713	2022-08-25	BA.5.2
1859	exmpl226351	2023-02-13	XBB.2
1860	exmpl157016	2022-08-21	BA.5.2
1861	exmpl145842	2022-07-24	BA.5.2.18
1862	exmpl179574	2022-08-27	BA.5.3.1
1863	exmpl281913	2023-12-13	FY.5
1864	exmpl227875	2023-02-27	XBB.2
1865	exmpl65323	2022-01-08	BA.1.15
1866	exmpl297451	2024-01-30	JN.1
1867	exmpl126028	2022-03-23	BA.2
1868	exmpl200737	2022-10-16	BA.5.2
1869	exmpl66996	2022-01-13	BA.1.1
1870	exmpl81790	2022-01-07	BA.1
1871	exmpl44163	2020-08-17	B.59
1872	exmpl161309	2022-08-05	BA.5.2
1873	exmpl55000	2021-12-12	AY.122
1874	exmpl76613	2022-01-22	BA.1.15
1875	exmpl125332	2022-02-27	BA.2
1876	exmpl143559	2022-07-18	BA.5.2.1
1877	exmpl300282	2024-01-28	JN.1.4
1878	exmpl51650	2021-12-27	AY.122
1879	exmpl203628	2021-07-27	AY.122
1880	exmpl248072	2021-12-29	AY.122
1881	exmpl96995	2021-12-15	AY.122
1882	exmpl75673	2022-01-14	BA.1.1
1883	exmpl297043	2024-01-24	JN.1
1884	exmpl174930	2022-08-13	BA.5.2
